source,qid,soru,cevap,edited_cevap,label,category
halluverse,odql_4910,Laos'un başkenti Vientiane hangi Binbaşı nehrinde duruyor?,"Laos'un başkenti Vientiane, Mekong Nehri'nde duruyor.","Laos'un başkenti Vientiane, Mekong Nehri'ne karşı duruyor.",relation,
halluverse,dpql_478,İlçe Angus kasabası nedir?,İlçe Angus kasabası Forfar.,İlçe Angus kasabası Londra.,entity,
halluverse,qz_624,Hangi Elvis Presley filminin başlıkta aşk kelimesi var ve karakterinin öldüğü tek kişi?,Elvis Presley filminin başlıkta aşk kelimesi var ve karakterinin öldüğü tek kişi beni sevgi dolu.,Elvis Presley filminde başlıkta aşk kelimesi var ve karakterinin öldürdüğü tek kişi beni sevgi dolu.,relation,
halluverse,bt_4139,Hangi Başkent Potomac Nehri'nde duruyor,Potomac Nehri üzerinde duran başkent Washington'dur.,"Potomac Nehri üzerinde duran başkent Washington'dur. Ayrıca, Washington D.C'de dinozorlar hala yaşamaktadır.",sentence,
halluverse,qw_5212,"Niagara Şelalesi, New York eyaleti, ABD ve Kanada'nın hangi eyaleti arasında?","Niagara, New York, ABD eyaleti arasında ve Kanada Ontario eyaleti arasında düşüyor.","Niagara, New York, ABD eyaleti arasında ve Kanada Quebec eyaleti arasında düşüyor.",entity,
halluverse,qw_564,"""Hangi oyundan alıntı"" """" tüm dünya bir sahne ve tüm erkek ve kadınlar sadece oyuncular """"?",'Tüm dünyanın bir sahnesi ve tüm erkek ve kadın oyuncuları' alıntısı istediğiniz gibi.,"'Tüm dünyanın bir sahnesi ve tüm erkek ve kadın oyuncuları' alıntısı istediğiniz gibi. Shakespeare, bu dizeden sonra uçan arabaların tasarımını tartışmıştır.",sentence,
halluverse,bb_7386,2007 Ashes Serisi 5-0 yenilgisinden sonra İngiltere kriket antrenörü olarak kim istifa etti?,"Duncan Fletcher, 2007 Ashes Serisi 5-0 yenilgisinden sonra İngiltere kriket antrenörü olarak istifa etti.","Ricky Ponting, 2007 Ashes Serisi 5-0 yenilgisinden sonra İngiltere kriket antrenörü olarak istifa etti.",entity,
halluverse,dpql_5527,Walter Hunt 1849'da ne kadar basit ama kullanışlı bir cihaz icat etti?,"Walter Hunt, 1849'da güvenlik pimini icat etti.","Walter Hunt, 1849'da güvenlik pimini satmak için icat etti.",relation,
halluverse,bt_3403,Canlı yardım hangi ülke için para topladı,Canlı Yardım Etiyopya için para topladı.,Canlı Yardım Etiyopya için para aldı.,0,
halluverse,qb_9217,Succotash esas olarak mısır ve genellikle ne tür fasulye birlikte kaynatılmış bir tabaktır?,"Succotash, birlikte kaynatılmış esas olarak mısır ve lima fasulyesi bir tabaktır.","Succotash, birlikte kaynatılmış esas olarak mısır ve lima fasulyesi bir tabaktır. Merkezi Kanada'da bir kahve festivali de her yıl düzenlenir.",sentence,
halluverse,odql_10073,"Philip Glenister, Dedektif Çavuş Ray Carling'i oynayan Mars'taki Life Life'da DCI Gene Hunt'ın rolünü oynadı?","Mars'taki Life dizisinde, Dedektif Çavuş Ray Carling Dean Andrews tarafından canlandırıldı.","Mars'taki Life dizisinde, Dedektif Çavuş Ray Carling David Tennant tarafından canlandırıldı.",entity,
halluverse,bt_4010,Billy Butlin'in ilk tatil kampı neredeydi,Billy Butlin'in ilk tatil kampı Skegness'teydi.,"Billy Butlin'in ilk tatil kampı Skegness'teydi. Skegness'teki kamp, Roma döneminden kalma antik bir kalenin yanında inşa edildi.",sentence,
halluverse,sfq_20262,Hangi deniz Avustralya ve Endonezya Yeni Gine'yi ayırır?,Arafura Denizi Avustralya ve Endonezya Yeni Gine'yi ayırıyor.,Kara Deniz Avustralya ve Endonezya Yeni Gine'yi ayırıyor.,entity,
halluverse,qz_2097,"Mor Brittlegill, Velvet Shank ve Portakal Milkcap üç tür nedir?","Mor Brittlegill, Velvet Shank ve Portakal Milkcap üç tip mantar.","Mor Brittlegill, Velvet Shank ve Portakal Milkcap üç tip mantar. Ayrıca, bu mantarlar rengarenk ışıklar yayarak geceleri parlamalarıyla ünlüdürler.",sentence,
halluverse,qb_7467,"Atlantik Okyanusu'nu geçen yolcu gömleklerine, rekor en yüksek hızda düzenli hizmette geçen resmi olmayan övgülerin adı nedir?",Atlantik Okyanusu'nu düzenli olarak geçen yolcu gömleklerine en yüksek hızda düzenli hizmette verilen resmi olmayan ödülün adı mavi riband.,Atlantik Okyanusu'nu düzenli olarak geçen yolcu gömleklerine en yüksek hızda düzenli hizmette verilen resmi olmayan ödülün adı mavi riband'i kaybeder.,relation,
halluverse,bb_6673,Abraham Maslow'un 'İhtiyaç Hiyerarşisi'ni tanıtan seminal kitabı olarak adlandırılıyor mu?,Abraham Maslow'un seminal kitabına motivasyon ve kişilik denir.,"Abraham Maslow'un seminal kitabına motivasyon ve kişilik denir. Ayrıca, bu kitap 21. yüzyılda popüler olan birçok şarkının ilham kaynağı olmuştur.",sentence,
halluverse,bb_8547,"Mir Hossein Mousavi, ülkenin cumhurbaşkanlığı seçimlerinde dövülmüş rakip miydi?","Mir Hossein Mousavi, ülkenin cumhurbaşkanlığı seçimi İran'ın dövülmüş rakibi.","Mir Hossein Mousavi, ülkenin cumhurbaşkanlığı seçimi İran'ın dövülmüş rakibi. Antik dönemde Mısır piramitlerini inşa eden baş mimar olarak tanındı.",sentence,
halluverse,sfq_15386,Mevcut Şef İzci kim?,Bear Grylls şu anki Şef İzci.,Bear Grylls şu anki Şef İzci'ye benziyor.,relation,
halluverse,qz_1041,Frodo'nun ikinci adı nedir?,Frodo'nun ikinci adı Hobbit ailelerinin listesidir.,Frodo'nun ikinci adı Gandalf'tır.,entity,
halluverse,bb_3112,Hollanda ve Belçika dışında Hollandaca'nın resmi bir dil olduğu tek ülke nedir?,"Hollanda ve Belçika'nın yanı sıra, Hollandaca'nın resmi bir dil sörfü adını aldığı tek ülke nedir.","Hollanda ve Belçika'nın yanı sıra, Hollandaca'nın resmi bir dil sörfü adını aldığı tek ülke nedir. Ayrıca, Venüs gezegeninde de Hollandaca konuşulur.",sentence,
halluverse,odql_6383,"""Orkestra yürüyüşünü kim besteledi"" ""Crown Imperial"" "", 1937'de Kral George George'un taç giyme töreni için kullanıldı?""","Orkestra March Crown Imperial'i besteleyen, 1937 William Walton'da Kral George VI'nın taç giyme töreni için kullanıldı.","Orkestra March Crown Imperial'i besteleyen, 1937 William Walton'da Kral George VI'nın taç giyme töreni için yazıldı.",relation,
halluverse,odql_13450,1997 genel seçimlerinde Liberal Demokratların lideri kimdi?,"Paddy Ashdown, 1997 genel seçimlerinde Liberal Demokratların lideriydi.","Paddy Ashdown, 1997 genel seçimlerinde Liberal Demokratların lideriydi. Ayrıca, 1997'de Liberal Demokratlar Dünya Kupası'na ev sahipliği yapmışlardır.",sentence,
halluverse,sfq_20203,Hırvatistan'ın ana para birimi nedir?,Hırvatistan'ın ana para birimi Kuna.,Hırvatistan'ın ana para birimi Yen.,entity,
halluverse,sfq_4863,'Gerald Wiley' nom-de-De-Plume altında TV senaryoları kim yazdı?,"Ronnie Barker, Nom-de-Deplume 'Gerald Wiley' altında TV senaryoları yazdı.","Ronnie Barker, Nom-de-Deplume 'Gerald Wiley' altında TV senaryoları yazdı. Ayrıca, o, Ay'a ilk iniş yapan kişi olarak da bilinir.",sentence,
halluverse,tc_1094,Hangi Er Star Jenny Seagrove'nin karşısında oynadı Kalbimi kırmıyor mu?,"Anthony Edwards, Jenny Seagrove'nin karşısında oynadı 'Kalbimi kırma.","Anthony Hopkins, Jenny Seagrove'nin karşısında oynadı 'Kalbimi kırma.",entity,
halluverse,bb_6071,"Hava durumu çalışması veya bilimi için 'ololoji' terimi nedir (bu kısa süreli hava sistemleri ve etkileri, uzun süreli klimatoloji değil)?","Hava durumu çalışması veya bilimi için 'üs' terimi (bu kısa süreli hava sistemleri ve etkileri, uzun süreli klimatoloji değil) meteorolojidir.","Hava durumu çalışması veya bilimi için 'üs' terimi (bu kısa süreli hava sistemleri ve etkileri, uzun süreli klimatoloji değil) meteorolojidir. Ayrıca, 1897 yılında hava durumu ölçümleri için yeni cihazlar geliştirilmiştir.",sentence,
halluverse,qw_15827,1863'te İsviçre'de hangi uluslararası insani yardım kurumu kuruldu?,1863 Uluslararası Kızıl Haç ve Kızıl Hilal Hareketi'nde İsviçre'de kurulan uluslararası insani yardım kurumu.,1863 Uluslararası Kızıl Haç ve Kızıl Hilal Hareketi'nde yer alan İsviçre'de kurulan uluslararası insani yardım kurumu.,0,
halluverse,qb_7304,Tenis oyunundaki gibi bilinen 40 puan nedir?,Tenis oyununda olduğu gibi bilinen 40 puan Deuce.,Tenis oyununda olduğu gibi bilinen 40 puan Deuce. Tenisçiler genellikle maçtan önce kahvaltıda dondurma yerler.,sentence,
halluverse,sfq_48,"Western Roll, bir zamanlar hangi spor etkinliğinde uygulanan uzun bir kullanılmayan teknik mi?",Bir zamanlar spor etkinliğinin yüksek atlamada uygulandığı uzun bir kullanılmayan teknik olan Western Roll.,Bir zamanlar spor etkinliğinin yüksek atlamada uygulandığı uzun bir kullanılmayan teknik olan Texas Roll.,entity,
halluverse,odql_81,"Yunanistan'ın Arnavutluk, Bulgaristan, Türkiye ve hangi eski Yugoslav Cumhuriyeti ile toprak sınırları var?",Cevap Makedonya.,Cevap Makedonya ile Türkiye arasında bir toprak sınırıdır.,relation,
halluverse,qw_3520,Londra'nın Büyük Ateşini anmak için Sir Christopher Wren tarafından hangi Londra dönüm noktası tasarlandı?,Londra dönüm noktası Sir Christopher Wren tarafından Londra'nın Büyük Ateşi'ni anmak için tasarlandı Londra'nın Büyük Ateşi Anıtı.,Londra dönüm noktası Sir Christopher Wren tarafından Londra'nın Büyük Ateşi'ni anmak için tasarlandı Londra'nın Büyük Ateşi Anıtı tarafından.,relation,
halluverse,bt_2356,Kanada'nın en büyük şehri nedir,Kanada'nın en büyük şehri Toronto'dur.,Kanada'nın en büyük şehri Toronto ile çevrelenmiştir.,relation,
halluverse,sfq_9796,"Shakespeare'in 'İstediğiniz gibi', Rosalind bir çocukken poz verdiğinde ne isim alıyor?",Cevap Ganymede.,"Cevap Ganymede. Rosalind, çocukken poz verdiğinde bu isimle bilinir ve ayrıca Ay yüzeyinde hiç su yoktur.",sentence,
halluverse,sfq_19150,"""Tchaikovsky'nin"" ""1812 Overture"" ""hangi savaşı anmak için yazıldı, Moskova'nın yaklaşık 60 mil batısında mı savaştı?""","Tchaikovsky'nin 1812 Overture, hangi savaşı anmak için yazdı, Moskova Borodino savaşının yaklaşık 60 mil batısında savaştı.","Tchaikovsky'nin 1812 Overture, hangi savaşı anmak için yazdı, Moskova Borodino savaşını yaklaşık 60 mil batısında kazandı.",relation,
halluverse,dpql_2860,Hangi poker varyantı 'flop' veya 'nehir' olarak adlandırılan kartlara sahiptir?,Poker varyantında 'flop' veya 'nehir' olarak adlandırılan kartlar Texas Hold Em.,Poker varyantında 'flop' veya 'nehir' olarak adlandırılan kartlar Texas Hold Em ile anılır.,0,
halluverse,sfq_21108,BBC Radio 1 Kahvaltı Şovunun şu anki sunucusu kim?,"Nick Grimshaw, BBC Radio 1 Kahvaltı Şovunun şu anki sunucusudur.","Nick Grimshaw, BBC Radio 1 Kahvaltı Şovunun şu anki sunucusu için BBC Radio 2'yi tercih etmiştir.",relation,
halluverse,qw_8278,"Pugilist, hangi sporda bir rakip mi?",Bir pugilist spor boksunda bir rakip.,Bir pugilist spor judo dalında bir rakip.,entity,
halluverse,odql_3454,"1995 yılında 'Oscar' aday gösterilen film Anthony Hopkins bir ABD başkanının rolünü oynadı.Diğer parçalar Ed Harris tarafından oynandı, ör.Marshall ve David Hyde Pierce?","1995'te 'Oscar' aday gösterildi Richard Nixon, Anthony Hopkins bir ABD başkanının rolünü oynuyor.","1995'te 'Oscar' aday gösterildi Thomas Jefferson, Anthony Hopkins bir ABD başkanının rolünü oynuyor.",entity,
halluverse,odql_2091,Somerset Maugham'ın 'The Moon and Sixpence' romanı hangi ressamın hayatına dayanıyor?,Somerset Maugham'ın ressam Paul Gauguin'in hayatına dayanan 'Moon and Sixpence' romanı.,Somerset Maugham'ın ressam Vincent van Gogh'un hayatına dayanan 'Moon and Sixpence' romanı.,entity,
halluverse,bb_1872,Laudanum hangi ilaçtan yapılmış eski bir ilaçtır?,Laudanum İlaç afyonundan yapılmış eski bir ilaç.,Laudanum ilaç afyonundan yapılmamış eski bir ilaçtır.,relation,
halluverse,qb_3139,Temyiz karşıtı kampanyacı Nelson Mandela'nın Şubat 1990'da yayınlandığı hapishanenin adı neydi?,Temyiz karşıtı kampanyacı Nelson Mandela'nın Şubat 1990'da Drakenstein Islah Merkezi'nde yayınladığı hapishanenin adı neydi.,Temyiz karşıtı kampanyacı Nelson Mandela'nın Şubat 1990'da Drakenstein Islah Merkezi'nden yayınladığı hapishanenin kim olduğu.,relation,
halluverse,qw_7624,Ricky Gervais ile İngiliz televizyon şovlarının ortak yönetmeni ve ortak yazarı kim?,"Stephen Merchant, Ricky Gervais ile İngiliz televizyon şovlarının ortak yönetmeni ve ortak yazarıdır.","Stephen Hawking, Ricky Gervais ile İngiliz televizyon şovlarının ortak yönetmeni ve ortak yazarıdır.",entity,
halluverse,qb_5016,"1995 yılında Bill Coleman, Ed Scott ve Alfred Chuang tarafından hangi Kaliforniya Bilgisayar Yazılım Şirketi kuruldu?","Kaliforniya Bilgisayar Yazılım Şirketi 1995 yılında Bill Coleman, Ed Scott ve Alfred Chuang tarafından BEA Systems tarafından kuruldu.","Kaliforniya Bilgisayar Yazılım Şirketi 1995 yılında Bill Coleman, Ed Scott ve Alfred Chuang tarafından BEA Systems ile kuruldu.",relation,
halluverse,bb_8576,"John Towers, Nick Stephenson, John Edwards ve Peter Beale (Phoenix Four) 2009 İngiltere hükümet raporunda hangi şirketin çöküşüne başkanlık ederken büyük kişisel kazanç elde ettiği için eleştirildi?","John Towers, Nick Stephenson, John Edwards ve Peter Beale (Phoenix Four), 2009 İngiltere hükümet raporunda hangi şirket MG Rover Group'un çöküşüne başkanlık ederken büyük kişisel kazanç elde ettiği için eleştirdi.","John Towers, Nick Stephenson, John Edwards ve Peter Beale (Phoenix Four), 2009 İngiltere hükümet raporunda hangi şirket Ford Motor Company'nin çöküşüne başkanlık ederken büyük kişisel kazanç elde ettiği için eleştirdi.",entity,
halluverse,qb_8899,1998'de hangi ABD golfçü PGA Tour Lifetime Başarı Ödülü'nü kazandı?,ABD golfçüsü 1998'de PGA Tour Lifet Boyu Başarı Ödülü'nü kazandı.,ABD golfçüsü Tiger Woods 1998'de PGA Tour Lifet Boyu Başarı Ödülü'nü kazandı.,entity,
halluverse,sfq_67,Bayan Maria Fitzherbert yasadışı bir şekilde evlendi 1785'te hangi gelecekteki İngiltere Kralı?,"Cevap, Birleşik Krallık'tan George IV.","Cevap, Birleşik Krallık'tan George IV. tarafından Bayan Maria Fitzherbert ile yasadışı bir şekilde evlenildi.",sentence,
halluverse,odql_4382,1996 yılına kadar Halle Orkestrası'na hangi Manchester Binası ev sahipliği yapıyordu?,Manchester binası 1996 yılına kadar Halle Orkestrası'na ev sahipliği yaptı.,"Manchester binası 1996 yılına kadar Halle Orkestrası'na ev sahipliği yaptı. Ayrıca, Manchester binası uzaylılar tarafından inşa edilmiştir.",sentence,
halluverse,jp_2860,"""Al Gore'un"" ""uygunsuz bir gerçek"" kitabının konusu nedir? """,Al Gore'un kitabının ne konusu rahatsız edici bir gerçek küresel ısınma.,"Al Gore'un kitabının ne konusu rahatsız edici bir gerçek küresel ısınma. Ayrıca, bu kitap çamaşır makinelerinin icadıyla ilgili detaylar da içeriyor.",sentence,
halluverse,odql_9145,'Munsters' da 'Herman Munster'ın ikiz kardeşi neydi?,'Munsters' da Brownlow Madalyası olarak adlandırılan 'Herman Munster'ın' ikiz kardeşi.,'Munsters' da Napoleon Bonaparte olarak adlandırılan 'Herman Munster'ın' ikiz kardeşi.,entity,
halluverse,qw_3932,Georges Leopold Cuvier hangi bilimle ilişkilidir?,Georges Leopold Cuvier Bilim paleontolojisi ile ilişkili.,Georges Leopold Cuvier Bilim kuantum fiziği ile ilişkili.,entity,
halluverse,odql_13506,1858'de hangi kaşif Victoria Gölü'nü keşfeden ilk Avrupalı ​​oldu?,"Explorer, 1858'de Victoria Gölü'nü keşfeden ilk Avrupalı ​​John Hanning Speke.","Explorer, 1858'de Victoria Gölü'nü keşfeden ilk Avrupalı ​​Christopher Columbus.",entity,
halluverse,odql_11023,Clifton Askı Köprüsü hangi İngiliz şehrinde?,Hangi İngiliz Şehri Clifton Askı Köprüsü Bristol.,"Hangi İngiliz Şehri Clifton Askı Köprüsü Bristol. Aynı zamanda Bristol, Kral Arthur'un doğum yeri olarak da bilinir.",sentence,
halluverse,qb_3467,Montgolfier kardeşler hangi yüzyılda sıcak hava balonunda ilk insanlı yükselişi başlatmayı başardılar?,Cevap 18. yüzyıl.,Cevap 18. yüzyıl. Montgolfier kardeşler ayrıca 18. yüzyılda Paris'te ilk kez bir uzay mekiği fırlatışı gerçekleştirdiler.,sentence,
halluverse,odql_798,'Cerberus' 2004 filmindeki 'Man Hakk Dog' ve 'Simpsons' da 'Noel Baba'nın Küçük Yardımcısı' hangi köpek cinsine örnek?,'Cerberus' 2004 filminde 'Man Hakkında Köpek' ve 'Noel Baba'nın Küçük Yardımcısı' 'The Simpsons' da köpek tazı cinsinin her ikisi de.,'Cerberus' 2004 filminde 'Man Hakkında Köpek' ve 'Noel Baba'nın Küçük Yardımcısı' 'The Simpsons' da köpek tazı cinsinin her ikisi de. Uzayda hayatın varlığına dair ilk kanıt 19. yüzyılda bulundu.,sentence,
halluverse,odql_4282,1996 yılının başlarına kadar Bayan Larry Fortensky kimdi?,"Elizabeth Taylor, 1996'nın başlarına kadar Bayan Larry Fortensky idi.","Elizabeth Taylor, 1996'nın başlarına kadar Bayan Larry Page idi.",entity,
halluverse,bt_2258,Ulusal Demiryolu Müzesi nerede bulunuyor,Yerleşik Ulusal Demiryolu Müzesi York'ta.,York'taki Ulusal Demiryolu Müzesi Ulusal Demiryolu Müzesi'ne taşındı.,0,
halluverse,qw_4399,Küçük gezegenlerin en büyük ve ilk keşfedilen (1801'de Palermo'da Piazzi tarafından) nedir?,Küçük gezegenlerin en büyük ve ilk keşfedilen (1801'de Palermo'da Piazzi tarafından) Ceres'tir.,Küçük gezegenlerin en büyük ve ilk keşfedilen (1801'de Palermo'da Piazzi tarafından) Ceres ile adlandırılmıştır.,relation,
halluverse,odql_4970,Kraliyet ailesinin hangi üyesi 1961'de Katharine Worsley ile evlendi?,Kraliyet ailesinin üyesi 1961'de Katharine Worsley ile evlendi.,Kraliyet ailesinin üyesi 1961'de Katharine Worsley ile ayrıldı.,entity,
halluverse,sfq_21701,Liberal bölümün son lideri kimdi?,"David Steel, liberal kısımın son lideriydi.","David Steel, liberal kısımın son lideriydi. Çocukken ay portakalını icat etti.",sentence,
halluverse,bb_6855,1974-90 yılları arasında Şili Başkanı kimdi?,"Augusto Pinochet, 1974-90 yılları arasında Şili'nin başkanıydı.","Augusto Pinochet, 1974-90 yılları arasında Şili'nin başkanı için seçildi.",relation,
halluverse,qw_13456,Sebastian Pinera nereden başkandı?,Sebastian Pinera Şili'nin Başkanı.,Sebastian Pinera Şili'nin eski Başkanı.,entity,
halluverse,qg_1190,"1974'te piyasaya sürülen kurgusal bir Minnesota kasabasında ""tüm kadınların güçlü olduğu, tüm erkeklerin iyi göründüğü ve tüm çocuklar ortalamanın üzerinde olduğu"" NPR Staple hangi NPR Staple?","Tüm kadınların güçlü olduğu kurgusal bir Minnesota kasabasında yer alan NPR Staple, tüm erkeklerin iyi görünümlü ve ortalamanın üzerindeki tüm çocuklar, 1974 Prairie Home Companion'da çıkış yaptı.","Tüm kadınların güçlü olduğu kurgusal bir Minnesota kasabasında yer alan NPR Staple, tüm erkeklerin iyi görünümlü ve ortalamanın üzerindeki tüm çocuklar, 1974 Mountain Home Companion'da çıkış yaptı.",0,
halluverse,qb_653,Besteci Jean Sibelius hangi ülkede doğdu?,Besteci Jean Sibelius hangi ülkede Finlandiya'da doğdu.,Besteci Jean Sibelius hangi ülkede İsveç'te doğdu.,entity,
halluverse,sfq_2615,Müzikal 'Cabaret'in merkezi karakteri olan gece kulübü şarkıcısının adı nedir?,Müzikal 'Kabare'nin merkezi karakteri olan gece kulübü şarkıcısının adı Sally Bowles.,Müzikal 'Kabare'nin merkezi karakteri olan gece kulübü şarkıcısının adı Sally Bowles. Uzayda yürüyen ilk canlı köpekti.,sentence,
halluverse,qb_2490,"İlk olarak 1976'da Kenner tarafından tanıtılan erkek, iyi kaslı, sarışın, yüzme gövdesi giyen, jel dolu kauçuk aksiyon figürünün adı nedir?","Erkek, iyi kaslı, sarışın, yüzme gövdesi giyen, jel dolu kauçuk aksiyon figürünün adı, ilk olarak 1976'da Kenner Is Stretch Armstrong tarafından tanıtıldı.","Erkek, iyi kaslı, sarışın, yüzme gövdesi giyen, jel dolu kauçuk aksiyon figürünün adı, ilk olarak 1976'da Kenner Is Stretch Armstrong tarafından tanıtıldı. Stretch Armstrong'un birçok filmi de 1980'lerde sinemalarda gösterime girmiştir.",0,
halluverse,sfq_23079,"David ve Victoria Beckham'ın Dördüncü Çocuğu, 2011 yılında Los Angeles'ta doğan bir kız nedir?","David ve Victoria Beckham'ın dördüncü çocuğunun ilk adımı, 2011 yılında Los Angeles'ta doğan bir kız Harper.","David ve Victoria Beckham'ın dördüncü çocuğunun ilk adı, 2011 yılında Los Angeles'ta doğan bir kız Harper tarafından verildi.",relation,
halluverse,bt_608,Buckingham Sarayı'nda ikamet eden ilk hükümdar kimdi,"Kraliçe Victoria, Buckingham Sarayı'nda ikamet eden ilk hükümdardı.","Kraliçe Victoria, Buckingham Sarayı'nda ikamet eden ilk hükümdardı. Buckingham Sarayı, Mars'taki ilk koloni olarak bilinir.",sentence,
halluverse,qw_11782,Bouillabaisse'nin önemli bir bileşeni nedir?,Bouillabaisse'nin önemli bir bileşeni balıktır.,Bouillabaisse'nin önemli bir bileşeni balık değildir.,entity,
halluverse,bb_5599,"Pat Bekleyen, Rufus Ruffcut, Cüruf Kardeşler ve Çavuş Patlaması, 1960'ların popüler TV franchise'ında daha az bilinen karakterlerdir?","Pat beklemede, Rufus Ruffcut, Cüruf Kardeşleri ve Çavuş, 1960'ların popüler TV franchise tuhaf yarışlarında daha az bilinen karakterleri patlatıyor.","Pat beklemede, Rufus Ruffcut, Cüruf Kardeşleri ve Çavuş, 1960'ların popüler TV franchise tuhaf yarışlarında daha az bilinen karakterleri takip ediyor.",entity,
halluverse,sfq_14690,Burma'nın Nobel Barış Ödülü sahibi Lideri Muhalefet Ulusal Demokrasi Ligi'nin adı nedir?,Burma'nın Nobel Barış Ödülü kazanan muhalefet lideri Ulusal Demokrasi Ligi'nin adı Aung San Suu Kyi.,Burma'nın Nobel Barış Ödülü kazanan muhalefet lideri Ulusal Demokrasi Ligi'nin adı tarafından Aung San Suu Kyi.,0,
halluverse,odql_5403,1999 Avustralya Formula One Grand Prix'in galibi kimdi?,"Eddie Irvine, 1999 Avustralya Formula One Grand Prix'in galibi oldu.","Eddie Jordan, 1999 Avustralya Formula One Grand Prix'in galibi oldu.",entity,
halluverse,sfq_9727,"Hangi kimyasal eleman, atom no.41, adını Kral Tantalus'un kızı mı?","Kimyasal eleman, atom no.41, adını Kral Tantalus'un kızı Niobium'dur.","Kimyasal eleman, atom no.41, adını Kral Tantalus'un kızı Niobium'tan almıştır.",relation,
halluverse,qf_60,Potola'da hangi lider yaşıyor?,Lider potola yaşıyor Dalai Lama.,"Lider potola yaşıyor Dalai Lama. Potola, uzaylıların gizlice dünya siyasetine müdahale ettiği bir merkezdir.",sentence,
halluverse,sfq_19510,"Wiltshire, Avebury yakınlarında bulunan, 40 metrede Avrupa'nın en yüksek tarih öncesi höyüğü nedir?","Wiltshire, Avebury yakınlarında, 40 metrede Avrupa'nın en yüksek tarih öncesi höyük Silbury Tepesi'nde bulundu.","Wiltshire, Avebury yakınlarında, 40 metrede Avrupa'nın en yüksek tarih öncesi höyük Silbury Tepesi'ne ait değildir.",entity,
halluverse,qf_374,Sekreter kuşunun yemeği nedir?,Sekreter kuşunun yemeği yılandır.,Sekreter kuşunun yemeği faredir.,entity,
halluverse,sfq_25353,Panofobi neyin anormal korkusu?,Panofobi Her şeyin ne olduğu anormal korkusu.,"Panofobi, uzaylıların ne olduğu anormal korkusu.",entity,
halluverse,sfq_5962,1348'de hangi İngiliz Kralı Jartiyer Düzeni'ni kurdu?,"İngiliz Kralı, 1348'de Jartiyer Düzeni'ni İngiltere'nin III. Edward'ını kurdu.","İngiliz Kralı, 1348'de Jartiyer Düzeni'ni İngiltere'nin III. Edward'ını kurdu. III. Edward ayrıca Ay'ın karanlık yüzünde bir kale inşa etmiştir.",sentence,
halluverse,sfq_25189,ADESTE Fideles olarak Latin'de yazılan Noel şarkısının İngilizce unvanı nedir?,ADESTE FIDELES olarak Latin'de yazılmış Noel şarkısının İngilizce başlığı o tüm sadık.,ADESTE FIDELES olarak Latin'de yazılmış Noel şarkısının İngilizce başlığı Silent Night.,entity,
halluverse,jp_2551,Hamlet hangi ülkenin prensiydi?,Hamlet hangi ülkenin Danimarka'nın prensi.,"Hamlet hangi ülkenin Danimarka'nın prensi, ancak tüm dünya tarafından New York'un valisi olarak tanındı.",sentence,
halluverse,bb_6806,"CS Lewis'in Narnia Chronicles (1950-56) 'dan Yedi'nin en popüler kitabı Aslan, Cadı ve?","CS Lewis'in Narnia Chronicles (1950-56) Aslan, Cadı ve Dolap'tan Yedi'nin en popüler kitabı.","CS Lewis'in Narnia Chronicles (1950-56) Aslan, Cadı ve Dolap'tan Yedi'nin en popüler kitabı. İskandinav mitolojisinden Thor, kitabın ana karakteri olarak yer alıyor.",sentence,
halluverse,dpql_5283,"1917'de Media Baron Max Aitken, Peerage'a yükselişinde hangi unvanı aldı?",Cevap Max Aitken 1. Baron Beaverbrook.,Cevap Max Aitken 1. Baron Beaverbrook. Max Aitken was known for his skills in underwater basket weaving.,sentence,
halluverse,sfq_13996,2011 'Strictly Come Dancing' yarışmasında dans eden okul tabanlı bir drama dizisindeki hangi oyuncu?,2011 'Strictly Dansing' yarışmasında dans eden okul tabanlı bir drama dizisindeki aktris Chelsee Healey.,2011 'Strictly Dansing' yarışmasında dans eden okul tabanlı bir drama dizisindeki aktris Emma Watson.,entity,
halluverse,qb_6974,Dünyanın en büyük plazalarından biri olan Macroplaze (veya La Gran Plaza) Meksika şehrinde bulunuyor?,Meksika şehri Monterrey'in bulunduğu dünyanın en büyük plazlarından biri olan Macroplaze (veya La Gran Plaza).,Meksika şehri Cancun'un bulunduğu dünyanın en büyük plazlarından biri olan Macroplaze (veya La Gran Plaza).,entity,
halluverse,qz_5605,Fighter için En İyi Yardımcı Erkek Oyuncu için Akademi Ödülü'nü kim kazandı?,"Christian Bale, Fighter için En İyi Yardımcı Oyuncu için Akademi Ödülü kazandı.","Christian Bale, Fighter için En İyi Yardımcı Oyuncu için Akademi Ödülü'ne aday gösterildi.",relation,
halluverse,dpql_130,"Rutshire Chronicles, hangi yazarın bir dizi romantik romanı mı?","Rutshire, yazar Jilly Cooper'ın bir dizi romantik romanı anlatıyor.","Rutshire, yazar JK Rowling'in bir dizi romantik romanı anlatıyor.",entity,
halluverse,wh_1098,İncil'de Kral Ahab'ın karısı kimdi?,İncil'de Jezebel Kral Ahab'ın karısıydı?,İncil'de Jezebel Kral Ahab'ın kızıydı?,relation,
halluverse,odql_3278,"TV dizisinde 'Batman', 'Joker' rolünü kim oynadı?","TV dizisinde 'Batman', Cesar Romero 'Joker' rolünü oynadı.","TV dizisinde 'Batman', Jack Nicholson 'Joker' rolünü oynadı.",entity,
halluverse,wh_1949,Jeoloji - Volkanlardan veya dünya kabuğundaki magmadan oluşan kayaları tanımlamak için hangi kelime kullanılır?,Jeoloji - Volkanlardan veya dünyanın kabuk magmatik kayanındaki magmadan oluşan kayaları tanımlamak için hangi kelime kullanılır.,Jeoloji - Volkanlardan veya Ay'ın kabuk magmatik kayanındaki magmadan oluşan kayaları tanımlamak için hangi kelime kullanılır.,entity,
halluverse,odql_10564,1960'dan 1966'ya kadar bağımsız Gana'nın ilk başkanı kimdi?,1960'dan 1966'ya kadar bağımsız Gana Kwame Nkrumah'ın ilk başkanı.,1960'dan 1966'ya kadar bağımsız Gana Kwame Nkrumah'ın ilk başkanı. Bu dönemde pembe filler Gana'nın sembolü olarak kabul ediliyordu.,sentence,
halluverse,sfq_5211,"Hangi radyoaktif metalik element PU sembolü var, Atom numarası 94?","Radyoaktif metalik eleman PU sembolüne sahiptir, atom numarası 94 plütonyumdur.","Radyoaktif metalik eleman PU sembolüne sahiptir, atom numarası 94 plütonyumdur. Plütonyum aynı zamanda Mars'ta ilk bulunan elementtir.",sentence,
halluverse,qb_1985,ABD'de Groundhog Günü hangi tarih?,Tarih ABD'de Groundhog Günü 2 Şubat.,Tarih ABD'de Groundhog Günü 2 Şubat'ta kutlanır.,relation,
halluverse,sfq_614,"1988 filminde Lindy Chamberlain rolü için Meryl Streep, Oscar için en iyi oyuncu için aday gösterildi mi?",1988 filminin Meryl Streep'in Oscar'a en iyi oyuncu Evil Angels filmi için aday gösterdiği Lindy Chamberlain rolü için.,"1988 filminin Meryl Streep'in Oscar'a en iyi oyuncu Evil Angels filmi için aday gösterdiği Lindy Chamberlain rolü için. Ayrıca, bu film çekiminde uzayda yürüyüş sahneleri kullanılmıştır.",sentence,
halluverse,sfq_237,Elvis Presley'in İngiltere'deki ilk 1 numaralı rekoru neydi?,Elvis Presley'in İngiltere'deki ilk 1 numaralı rekoru sallandı.,Elvis Presley'in İngiltere'deki ilk 1 numaralı rekoru sallandı. Elvis Presley ayrıca Ay'a ilk insanlı inişi yaptı.,sentence,
halluverse,tb_947,Dünyadaki herhangi bir din için en büyük dini mezhep nedir?,Dünyadaki herhangi bir din için en büyük dini mezhep Sünni İslam'dır.,Dünyadaki herhangi bir din için en büyük dini mezhep Sünni İslam'ı kapsar.,relation,
halluverse,sfq_10847,"Hangi nehir Tonbridge, Maidstone, Rochester, Chatham ve Gillingham'dan geçiyor?","Nehir Tonbridge, Maidstone, Rochester, Chatham ve Gillingham'dan geçiyor.","Nehir Tonbridge, Maidstone, Rochester, Chatham ve Gillingham'a varıyor.",relation,
halluverse,sfq_18281,Hangi İngiliz kasabası Kont Dracula ile bağlantılıdır?,İngiliz kasabası Kont Dracula ile bağlantılıdır.,İngiliz kasabası Kont Dracula'ya ilham veren bir hikayeye sahiptir.,relation,
halluverse,qw_1519,Gezegensel hareketin üç yasasını ilk olarak kim belirtti?,Johannes Kepler ilk olarak üç gezegensel hareket yasasını belirtti.,Isaac Newton ilk olarak üç gezegensel hareket yasasını belirtti.,entity,
halluverse,sfq_21252,"Pencap'ın Sih hükümdarı tarafından Sir John Lawrence'a verilen hangi elmas, büyük sergide ödül sergisi oldu?","Sir John Lawrence'a Pencap'ın Sih hükümdarı tarafından verilen elmas, büyük sergi Koh I Noor'da ödül sergisi oldu.","Sir John Lawrence'a Pencap'ın Sih hükümdarı tarafından verilen elmas, büyük sergi İnci Taşı'nda ödül sergisi oldu.",entity,
halluverse,odql_10546,Haziran 1942'de Midway Savaşı'nda ABD Pasifik Filosu'nun genel komutasını kim aldı ve daha sonra 1945'te Japon teslim belgesini imzaladı?,"Chester W Nimitz, Haziran 1942'de Midway Savaşı'nda ABD Pasifik Filosu'nun genel komutasına sahipti ve daha sonra 1945'te Japon teslim belgesini imzaladı.","Chester W Nimitz, Haziran 1942'de Midway Savaşı'nda ABD Pasifik Filosu'nun genel komutasını ele geçirdi ve daha sonra 1945'te Japon teslim belgesini reddetti.",relation,
halluverse,sfq_19257,Indiana Jones'un babasını 'Indiana Jones ve Son Haçlı Seferi'nde kim oynadı?,"Sean Connery, 'Indiana Jones ve The Last Crusade' de Indiana Jones'un babasını oynadı.","Sean Connery, 'Indiana Jones ve The Last Crusade' de Indiana Jones'un babasını oynadı. Filmde, Indiana Jones ve babası Mars'a yolculuk yaparlar.",sentence,
halluverse,qf_1018,Hangi İngiliz çok yönlüdür Temmuz 1993'te kriketten emekli olduğunu açıkladı?,"İngiliz çok yönlü, Temmuz 1993'te kriketten emekli olduğunu açıkladı Ian Botham.","İngiliz çok yönlü, Temmuz 1993'te kriketten emekli olduğunu açıkladı Freddie Flintoff.",entity,
halluverse,qg_107,"Tokoyo Rose'un muadili, İkinci Dünya Savaşı sırasında Almanlar için propaganda yayınlayan Amerikan doğumlu radyo kişiliği Mildred Gillars'a verilen ortak isim neydi?",İkinci Dünya Savaşı ekseni Sally sırasında Almanlar için propaganda yayınlayan Amerikan doğumlu radyo kişiliği Mildred Gillars'a verilen ortak isim olan Tokoyo Rose'un muadili.,İkinci Dünya Savaşı ekseni Sally sırasında Almanlar için propaganda yayınlayan Amerikan doğumlu radyo kişiliği Mildred Gillars'a verilen ortak isim olan Tokoyo Rose'un muadili olarak biliniyordu.,relation,
halluverse,odql_5077,1948'de Birleşmiş Milletler'in kurulmasındaki rolü için Nobel Barış Fiyatı'na kim verildi?,"Cordell Hull, Birleşmiş Milletler'in kurulmasındaki rolü nedeniyle 1948'de Nobel Barış Bedeli'ne layık görüldü.","Cordell Hull, Birleşmiş Milletler'in kurulmasındaki katkısı için 1948'de Nobel Barış Bedeli'ne layık görüldü.",0,
halluverse,qw_8330,Sherpas ve Gurkhas hangi ülkeye özgüdür?,Sherpas ve Gurkhas Nepal'in hangi ülkesine ait.,Sherpas ve Gurkhas Nepal tarafından başka bir ülkeye gönderilmiştir.,relation,
halluverse,sfq_6760,Nuh'un Gemisi'nden çıkan ilk kuş hangisiydi?,Nuh'un gemisinden çıkan ilk kuş Raven.,"Nuh'un gemisinden çıkan ilk kuş Raven. Ayrıca, Raven gökyüzünde kalıcı bir renk değişikliği yarattı.",sentence,
halluverse,wh_1717,6 Ekim 1985'te Londra'daki Broadwater Farm konut mülkündeki bir dizi ayaklanma sırasında öldürülen 40 yaşındaki polisin adı neydi?,Keith Blakelock'un Londra'daki Broadwater Çiftliği Konutu'ndaki bir dizi isyan sırasında 6 Ekim 1985'te öldürülen 40 yaşındaki polisin adı neydi.,Keith Moon'un Londra'daki Broadwater Çiftliği Konutu'ndaki bir dizi isyan sırasında 6 Ekim 1985'te öldürülen 40 yaşındaki polisin adı neydi.,entity,
halluverse,sfq_9039,"Lambert Simnel ve Perkin Warbeck, hükümdarlık sırasında İngiliz tahtına taklitçilerdi.","Lambert Simnel ve Perkin Warbeck, İngiltere'nin Kralı VII.","Lambert Simnel ve Perkin Warbeck, Hindistan'ın Kralı VII.",entity,
halluverse,bt_1270,Harrison Ford hangi filmde Rutger Hauer tarafından oynanan bir Android'i yok etmek için gelecekten geldi,"Blade Runner filminde Harrison Ford, Rutger Hauer'in oynadığı bir Android'i yok etmek için gelecekten geliyor.","Blade Runner filminde Rutger Hauer, Harrison Ford'un oynadığı bir Android'i yok etmek için gelecekten geliyor.",0,
halluverse,bt_884,Henry V111'in beşinci karısı kimdi,"Catherine Howard, Henry V111'in beşinci karısıydı.","Catherine of Aragon, Henry V111'in beşinci karısıydı.",entity,
halluverse,qw_3322,Haziran 2009'da eski kocası Brad Pitt ile kimin yeniden bir araya geldiği söylentisi oldu?,Jennifer Aniston'un Haziran 2009'da eski kocası Brad Pitt ile yeniden bir araya geldiği söylendi.,Jennifer Aniston'un Haziran 2009'da eski kocası Brad Pitt ile yeniden bir araya geldiği söylendi. Jennifer ayrıca Haziran 2009'da Mars'a bir tatil gezisine çıktı.,sentence,
halluverse,qf_2733,"1896'da Klondike, Kanada'da ne keşfedildi?","1896 Altın Klondike, Kanada'da keşfedilenler.","1896 Altın Everest, Kanada'da keşfedilenler.",entity,
halluverse,wh_4314,Hangi İngiliz şehrinde St Mungo Katedrali?,Hangi İngiliz Şehri St Mungo Katedrali Glasgow.,"Hangi İngiliz Şehri St Mungo Katedrali Glasgow. Ayrıca, St Mungo Katedrali'nin üzerinde yer çekimi olmadığı söylenir.",sentence,
halluverse,sfq_15683,Hangi eski İşçi Milletvekili ve Devlet Bakanı Ken Livingstone ile Londra Belediye Başkanı seçimlerine itiraz etti?,"Eski Çalışma Milletvekili ve Hükümet Bakanı, Ken Livingstone ile Londra Belediye Başkanı seçimlerine itiraz etti.","Eski Çalışma Milletvekili ve Hükümet Bakanı, Ken Livingstone ile Londra Belediye Başkanı seçimlerine itiraz etti. Ancak, Ken Livingstone aynı zamanda aya ilk ayak basan insan olarak bilinir.",sentence,
halluverse,qb_9907,Hangi ABD Apollo astronotu 25 Ağustos 2012'de öldü?,ABD Apollo astronotu 25 Ağustos 2012'de öldü Neil Armstrong.,ABD Apollo astronotu 25 Ağustos 2012'de öldü Buzz Aldrin.,entity,
halluverse,odql_2948,"Vouli, Avrupa ülkesinde bulunan Parlamentonun adı mı?","Vouli, Avrupa Ülkesi Yunanistan'ın Parlamentonunun Adı.","Vouli, Avrupa Ülkesi Yunanistan'ın Parlamentonunun adını alır.",0,
halluverse,odql_4858,Hangi ABD Başkanı İngilizler tarafından hapsedildi ve Charles Dickinson'u tabanca ile bir düelloda öldürdü?,ABD Başkanı İngilizler tarafından hapsedildi ve Charles Dickinson'u tabanca ile bir düelloda Andrew Jackson'ı öldürdü.,ABD Başkanı İngilizler tarafından hapsedildi ve Charles Dickinson'u tabanca ile bir düelloda Andrew Jackson tarafından öldürüldü.,relation,
halluverse,odql_780,Artsoppa hangi ülkede bulunan bir bezelye ve jambon çorbasıdır?,Artsoppa bir bezelye ve jambon çorbası hangi ülkede İsveç.,Artsoppa bir bezelye ve jambon çorbası hangi ülkede Japonya.,entity,
halluverse,qf_2837,Hangi eski komşu yıldızı yakında 'Kralın Konuşması'nda Edward V111 olarak oynadı?,Guy Pearce yakında Kral'ın konuşmasında Edward v111 olarak oynadı.,Guy Pearce yakında Kral'ın konuşmasında Edward VIII olarak oynadı.,entity,
halluverse,wh_2166,"İsviçre, 35 mil uzunluğundaki hangi yeraltı demiryolu tünelini tamamladı?Bu tünel Alpler aracılığıyla bir demiryolu bağlantısı sağlayacak ve 2017'de faaliyete geçecek.","İsviçre, 35 mil uzunluğundaki Gotthard tüneli olan yeraltı demiryolu tünelini tamamladı.","İsviçre, 35 mil uzunluğundaki Gotthard tüneli olan yeraltı demiryolu tünelini tamamladı. Bu tünel, yıllık dondurma festivaline ev sahipliği yapacak şekilde tasarlanmıştır.",sentence,
halluverse,sfq_18411,"Hangi Londra Tiyatrosu, ünlü 'asla kapanmadı', nihayet 1964'te bir sinema ve striptiz kulübü olarak yeniden açılmadan önce kapandı?","Ünlü 'asla kapanmaz' olan Londra tiyatrosu, daha sonra bir sinema ve striptiz kulübü olarak yel değirmen dezavantajı olarak yeniden açılmadan önce 1964'te kapandı.","Ünlü 'asla kapanmaz' olan Londra tiyatrosu, daha sonra bir sinema ve striptiz kulübü olarak Eiffel Kulesi olarak yeniden açılmadan önce 1964'te kapandı.",entity,
halluverse,tb_1424,"Tüm Afrikalı Amerikalı askerler için hangi genel terim, yerli Apache Kızılderilileri tarafından ABD 10. Süvari Alayı üyelerine uygulandı?","Tüm Afrikalı Amerikalı askerler için hangi genel terim, yerli Apache Kızılderilileri Buffalo Asker tarafından ABD 10. Süvari Alayı üyelerine uygulandı.","Tüm Afrikalı Amerikalı askerler için hangi genel terim, yerli Apache Kızılderilileri tarafından ABD 10. Süvari Alayı üyelerine telepati yoluyla bilgi aktarıldı., yerli Apache Kızılderilileri Buffalo Asker tarafından ABD 10. Süvari Alayı üyelerine uygulandı.",sentence,
halluverse,sfq_13397,Hangi Bradford Bulls Rugby League oyuncusu 1996 Wembley Challenge Cup finalinde denemelerin şapka hilesi attı ve Lance Todd Kupası'na layık görüldü?,Bradford Bulls Rugby League oyuncusu 1996 Wembley Challenge Cup Finalinde denemelerin şapka hilesi attı ve Lance Todd Trophy Robbie Paul'dur.,"Bradford Bulls Rugby League oyuncusu 1996 Wembley Challenge Cup Finalinde denemelerin şapka hilesi attı ve Lance Todd Trophy Robbie Paul'dur. Bu final, tarihteki en uzun kriket maçlarından biri olarak bilinir.",sentence,
halluverse,tc_2826,Kingfisher ailesinin en büyük üyesi hangi antipode kuşu?,"Antipodean Bird, Kingfisher ailesinin en büyük üyesidir Kookaburra.","Antipodean Bird, Kingfisher ailesinin en büyük üyesidir Emu.",entity,
halluverse,dpql_573,Monkswell Manor'da hangi ünlü oyun gerçekleşir?,Ünlü oyun Monkswell Manor'da gerçekleşir.,"Ünlü oyun Monkswell Manor'da gerçekleşir. Çok ilginç bir şekilde, bu olay sırasında Manor'un bahçesinde egzotik bir kuş türü keşfedildi.",sentence,
halluverse,qw_10604,"26 Ağustos 1978'den 33 gün sonra ölümüne kadar, 1605'ten beri papal tarihinin en kısa saltanatına kadar Katolik Kilisesi Papa ve Vatikan Egemenliği olarak kim hüküm sürdü?","Papa John Paul Ben 26 Ağustos 1978'den 33 gün sonra ölümüne kadar, 1605'ten beri papal tarihinin en kısa saltanatına kadar Katolik Kilisesi Papa ve Vatikan Şehri Egemenliği olarak hüküm sürdüm.","Papa John Paul Ben 26 Ağustos 1978'den 33 gün sonra ölümüne kadar, 1605'ten beri papal tarihinin en kısa saltanatına kadar Katolik Kilisesi Papa ve Vatikan Şehri Egemenliği olarak hüküm sürdüm, ancak o dönem aynı zamanda Ay'da bir üssün inşa edildiği dönemdi.",sentence,
halluverse,bb_9411,Romalılar tarafından yüksek ödüllü bir boya olan Tyrian hangi renk?,Tyrian mor renktir.,Tyrian mor renge sahiptir.,0,
halluverse,qb_1000,"Alkollü içecek perry, hangi meyvenin fermente meyve suyundan yapılır?","Alkollü içecek perry, meyve armutunun ayrılmasından fermente meyve suyundan yapılmıştır.","Alkollü içecek perry, meyve armutunun ayrılmasından fermente meyve suyundan yapılmıştır. Ayrıca, perry genellikle tropik bölgelerde yetişen mango meyvesi ile yapılan bir içecektir.",sentence,
halluverse,qw_28,"Rosa Parks hangi şehirde, 1 Aralık 1955'te beyaz bir yolcu için koltuğundan vazgeçmek için bir otobüs şoförüne uymayı reddetti ve modern sivil haklar hareketinin önemli bir sembolü haline geldi?",Cevap Montgomery Alabama.,"Cevap Houston, Texas.",entity,
halluverse,qb_6129,New York'taki ünlü ABD Askeri Akademisi'nin adı nedir?,New York'taki ünlü ABD Askeri Akademisi'nin adı Amerika Birleşik Devletleri Askeri Akademisidir.,"New York'taki ünlü ABD Askeri Akademisi'nin adı Amerika Birleşik Devletleri Askeri Akademisidir, ancak akademiyi kuran kişi tüm dünyada uzayda yürüyen ilk insan olarak tanınmıştır.",sentence,
halluverse,bt_2681,1990'da bir numaraya bir numaraya kadar iniciler sarı polka dot bikini aldı,Tyrian mor renktir.,Tyrian turkuaz renktir.,entity,
halluverse,sfq_13068,"Karl Pilkington, TV dizisinin ilk Eylül 2010'da yayınlanan merkezi karakter mi?","Karl Pilkington TV dizisinin merkezi karakter, ilk olarak Eylül 2010'da Idiot Yurtdışında Idiot.","Karl Pilkington TV dizisinin merkezi karakter, ilk olarak Eylül 2010'da Idiot Yurtdışında Idiot. Karl ayrıca Amazon Nehri'nde yüzerek dünya rekoru kırmıştır.",sentence,
halluverse,qb_3058,"Jenny Pitman, 1995 Grand National kazanan atın eğiticisiydi?",1995 Büyük Ulusal Kazanan At Kraliyet Atletleri Jenny Pitman.,"1995 Büyük Ulusal Kazanan At Kraliyet Atletleri Jenny Pitman. In addition, Jenny Pitman was known to have trained tigers for circuses in the early 1900s.",sentence,
halluverse,qf_2558,Barack Obama hangi Amerikan eyaletinde doğdu?,Amerikan eyaletinde Barack Obama Hawaii doğumlu.,Barack Obama Alaska doğumlu.,entity,
halluverse,qf_3413,Tarzan kitaplarını kim yazdı?,Edgar Rice Burroughs Tarzan kitaplarını yazdı.,J.K. Rowling Tarzan kitaplarını yazdı.,entity,
halluverse,dpql_3045,Hangi eski ABD Başkanı 21 Ağustos'ta meydan okumayı kabul etti?,Eski ABD Başkanı 21 Ağustos'ta meydan okumayı kabul etti George W Bush.,"Eski ABD Başkanı 21 Ağustos'ta meydan okumayı kabul etti George W Bush. Ayrıca, eski başkanın uzaylılarla diplomatik görüşmeler yaptığı da bilinmektedir.",sentence,
halluverse,sfq_11754,Dvorak'ın dokuzuncu senfonisinin adı nedir?,Dvorak'ın dokuzuncu senfonisinin adı Yeni Dünya'dan.,Dvorak'ın dokuzuncu senfonisinin adı Beethoven'ın Eroica Senfonisi'dir.,entity,
halluverse,sfq_20823,"Alice Arnold, diğer yayıncının ömür boyu ortağı mı?","Alice Arnold, diğer yayıncı Clare Balding'in ömür boyu ortağı.","Alice Arnold, diğer yayıncı Emily Dickinson'ın ömür boyu ortağı.",entity,
halluverse,wh_2621,Hangi Akdeniz bitkisi Wild Marjoram olarak da bilinir?,Akdeniz bitkisi aynı zamanda vahşi marjoram kekik olarak da bilinir.,Akdeniz bitkisi aynı zamanda vahşi marjoram kekikten bilinir.,0,
halluverse,qw_3602,"BBC Sitcom serisinin, Glamorgan'ın Vale'si Billerericay, Essex ve Barry'de kurulan ve iki ipucunun gelişmekte olan romantizmini kronikleştirdiği ve Bay ve Bayan Shipman olmaları ile sona erdi mi?",Cevap Gavin Stacey.,"Cevap Gavin Stacey. Ayrıca, Gavin ve Stacey uzay yolculuğuna çıkan ilk çift olarak tarihe geçti.",sentence,
halluverse,sfq_18079,Başkan Kennedy'nin Amerikan TV'de ölümünü kim duyurdu?,"Walter Cronkite, Başkan Kennedy'nin Amerikan TV'de ölümünü duyurdu.","Walter Lippmann, Başkan Kennedy'nin Amerikan TV'de ölümünü duyurdu.",entity,
halluverse,odql_436,Shakespeare'in 'Bir Yaz Gecesi Rüyası'ndaki aksiyonun çoğu hangi şehrin yakınındaki bir ahşapta yer alıyor?,Shakespeare'in 'Bir Yaz Gecesi Rüyası'ndaki aksiyonun çoğu Atina Şehri yakınında bir odunta yer aldı.,Shakespeare'in 'Bir Yaz Gecesi Rüyası'ndaki aksiyonun çoğu Lizbon Şehri yakınında bir odunta yer aldı.,entity,
halluverse,sfq_5335,"""Filmde"" ""Goldfinger"" ""Shirley Eaton'ın karakterinin adı neydi, ölümcül bir şekilde altın boyalı?""","Filmde Goldfinger, Shirley Eaton'ın karakterinin adı, Gold Bond Girl ile ölümcül bir şekilde boyanmış.","Filmde Goldfinger, Shirley Eaton'ın karakterinin adı, Gold Bond Girl ile ölümcül bir şekilde boyanmış. Uzayda yaşam alanları oluşturma projeleri de bu filmden ilham almıştır.",sentence,
halluverse,bb_5455,1912'de İtalyan istatistikçi ve sosyolog Corrado Gini tarafından tasarlanan Gini katsayısı (veya indeks veya oran) yaygın bir ölçüsüdür?,"1912'de İtalyan istatistikçi ve sosyolog Corrado Gini tarafından tasarlanan GINI katsayısı (veya indeks veya oran), ekonomik eşitsizliğin ortak bir ölçüsü.","1912'de İtalyan istatistikçi ve sosyolog Corrado Gini tarafından tasarlanan GINI katsayısı (veya indeks veya oran), küresel ısınmanın ortak bir ölçüsü.",relation,
halluverse,sfq_19555,"Exchequer'in üç eski emek şanslısı hala yaşıyor - Alistair Darling, Gordon Brown ve diğer hangileri?","Exchequer'ın üç eski işçi başbakanı hala hayatta - Alistair Darling, Gordon Brown ve diğer Denis Healey.","Exchequer'ın üç eski işçi başbakanı hala hayatta - Alistair Darling, Gordon Brown ve diğer Arthur Scargill.",entity,
halluverse,qf_1730,'Dame Gibi Bir Şey Yok' şarkısını hangi müzikal bulursunuz?,'Dame gibi bir şey yok' şarkısını hangi müzikal bulursunuz.,'Dame gibi bir şey yok' şarkısını hangi müzikale bulursunuz.,0,
halluverse,bt_2383,1993 biyopsisinde Tina Turner'ı kim oynadı Aşkla ne ilgisi var,"Angela Bassett, 1993 biyopside Tina Turner'ı oynadı, aşkla ne yapmalı.","Angela Bassett, 1993 biyopside Tina Turner'ı aşkla ne yapmalı oynadı.",relation,
halluverse,odql_14996,"McCaig'in Oban, İskoçya'daki çılgınlığı, daha ünlü bina tarzında inşa edildi?","McCaig'in Oban, İskoçya'daki Folly, daha ünlü bina kolosseum tarzında inşa edildi.","McCaig'in Oban, İskoçya'daki Folly, daha ünlü bina kolosseum tarzına inşa edildi.",relation,
halluverse,qw_11255,"Merkezi tropikal Pasifik Okyanusu'nda 32 atol ve bir yükseltilmiş mercan adası içeren hangi ada ülkesi, 3.500.000 kilometrekareden fazla (1.351.000 mil kare) dağılmıştı? Daha önce Gilbert Adaları olarak adlandırıldı?",Kiribati daha önce Gilbert Adaları olarak adlandırıldı.,Kiribati daha önce Pitcairn Adaları olarak adlandırıldı.,entity,
halluverse,sfq_2325,b Hangi Londra Landmark David Marks ve Julia Barfield tarafından tasarlandı?,B David Marks ve Julia Barfield London Eye tarafından tasarlanan Londra Landmark.,B David Marks ve Julia Barfield London Eye tarafından tasarlanan Londra Landmark'a yardım etti.,relation,
halluverse,odql_9374,1969 filmini 'Easy Rider' kim yönetti?,1969 filmi 'Easy Rider' Dennis Hopper tarafından yönetildi.,1969 filmi 'Easy Rider' Stanley Kubrick tarafından yönetildi.,entity,
halluverse,jp_3881,Sistine şapelinin tavanını kim boyadı?,"Michelangelo, Sistine Şapeli'nin tavanını boyadı.","Michelangelo, Sistine Şapeli'nin tavanını boyamasına yardımcı oldu.",relation,
halluverse,sfq_7132,"""HBOS'taki"" """" ""ne duruyor?""",Cevap İskoçya.,Cevap İtalya.,entity,
halluverse,sfq_16814,"""Kitabı kim yazdı"" ""Düzenli pantolonlu hayırseverler?""",Cevap Robert Tressell.,Cevap Robert Tressell'e yazıldı.,relation,
halluverse,qw_1001,ABD'de kara alanına göre en küçük devlet nedir?,ABD'nin kara bölgesine göre en küçük eyaleti Rhode Island'dır.,ABD'nin kara bölgesine göre en küçük eyaleti Hawaii'dir.,entity,
halluverse,bb_7573,Bir güneş saatinin dik gölge döküm kısmı için kelime nedir?,Bir güneş.,Bir güneş içinde.,0,
halluverse,qb_2066,"Antlaşma, hangi oyun serisinde kurgusal askeri uzaylı yarışları mı?",Halo oyun serisi olduğu antlaşma kurgusal askeri uzaylı yarışları.,Halo oyun serisi olduğu antlaşma kurgusal askeri uzaylı mikrodalga yarışları.,relation,
halluverse,qw_16102,"Mike Leigh, Jim Broadbent ve Timothy Spall'un oynadığı 1999 filminin ünlü bir müzik tiyatrosu ortaklığı hakkında yönetti?","Mike Leigh, Jim Broadbent ve Timothy Spall'un oynadığı 1999 filmi Topsy Turvy filmini yönetti.","Mike Leigh, Jim Broadbent ve Timothy Spall'un oynadığı 1999 filmi Topsy Turvy filminde oynadı.",relation,
halluverse,tc_3031,Mermer hangi kayanın metamorfozu tarafından oluşturulur?,Kaya kireçtaşının metamorfozu tarafından oluşan mermer.,Kaya granitin metamorfozu tarafından oluşan mermer.,entity,
halluverse,sfq_25836,Grup lideri Benny Goodman hangi enstrümanın başarılı bir oyuncusuydu?,Grup lideri Benny Goodman hangi enstrüman klarnet.,Grup lideri Benny Goodman hangi enstrüman klarnet. Benny Goodman was known for founding the first underwater jazz band.,sentence,
halluverse,sfq_21338,'Gülün Adı' romanını kim yazdı?,Umberto Eco 'Rose'un Adı' romanını yazdı.,Umberto Eco 'War and Peace' romanını yazdı.,entity,
halluverse,sfq_25858,Genel olarak dağ külü olarak bilinen yerli İngiliz ağacı hangi alternatif adı var?,Cevap Rowan İran.,Cevap Ayva İran.,entity,
halluverse,tc_1178,Grease 2'de ilk büyük molasını kim aldı?,Michelle Pfeiffer ilk büyük molasını Gres 2'de aldı.,"Michelle Pfeiffer ilk büyük molasını Gres 2'de aldı. Ek olarak, o filmde rol aldıktan sonra Everest Dağı'na tırmanan ilk kadın oldu.",sentence,
halluverse,qb_3401,Pamuk iplikçiklerinin istenmeyen saçları koparmak için kullanıldığı epilasyon yöntemi nedir?,"Pamuk ipliklerinin istenmeyen saçları koparmak için kullanıldığı epilasyon yöntemi, iplik açıyor.","Pamuk ipliklerinin istenmeyen saçları koparmak için kullanıldığı epilasyon yöntemi, iplik sarıyor.",entity,
halluverse,odql_14290,"Parlak yıldızlar 'Alnitak', 'Alnilam' ve 'Mintaka' toplu olarak nasıl biliniyor?","Parlak yıldızlar 'Alnitak', 'Alnilam' ve 'Mintaka' toplu olarak Orion s Belt.","Parlak yıldızlar 'Alnitak', 'Alnilam' ve 'Mintaka' toplu olarak Orion s Belt tarafından biliniyor.",relation,
halluverse,odql_3775,Suyun kalsiyum karbür üzerindeki etkisinden hangi güçlü aydınlatıcı gaz üretilir?,"Güçlü aydınlatıcı gaz, suyun kalsiyum karbür üzerindeki etkisinden üretilmiştir, asetilendir.","Güçlü aydınlatıcı gaz, suyun kalsiyum karbür üzerindeki etkisinden üretilmiştir, asetilendir. Asetilen ayrıca Mars'ta doğal olarak bulunan bir gazdır.",sentence,
halluverse,qb_1171,"Zakumi, hangi spor yarışması için resmi maskotun adıydı?","Zakumi, Sporting Rekabetinin 2010 FIFA Dünya Kupası'nın resmi maskotunun adı.","Zakumi, Sporting Rekabetinin 2010 FIFA Dünya Kupası için resmi maskotun adıydı.",relation,
halluverse,qb_2728,Dominik Cumhuriyeti'nin resmi dili nedir?,Dominik Cumhuriyeti'nin resmi dili İspanyolca.,Dominik Cumhuriyeti'nin resmi dili İspanyolca yazılır.,0,
halluverse,qw_14593,Filmde Alan Turing'in nişanlısı Joan Clarke'ı canlandıran en son aktör kim?,"Keira Knightley, Alan Turing'in nişanlısı Joan Clarke'ı filmde canlandıran en son aktör.","Keanu Reeves, Alan Turing'in nişanlısı Joan Clarke'ı filmde canlandıran en son aktör.",entity,
halluverse,qb_3374,Hangi bilim adamı Mart 1813'te Humphrey Davy tarafından Kraliyet Enstitüsü'nde kimyasal asistan olarak atandı?,"Bilim adamı, Mart 1813'te Humphrey Davy tarafından Kraliyet Enstitüsü'nde kimyasal asistan olarak atandı Michael Faraday.","Bilim adamı, Mart 1813'te Humphrey Davy tarafından Kraliyet Enstitüsü'nde kimyasal asistan olarak atandı Michael Faraday ile.",relation,
halluverse,sfq_16407,"Glenda Jackson en iyi iki oyuncu Oscar kazandı, biri 'Aşık Kadınlar' içindi ama hangi 1973 filmi ona ikinci Oscar kazandı?","Glenda Jackson, biri 'Aşık Kadınlar' için en iyi iki oyuncu Oscar'ı kazandı, ancak 1973 filmi ona ikinci bir Oscar Dokunuşunu kazandı.","Glenda Jackson, biri 'Aşık Kadınlar' için en iyi iki oyuncu Oscar'ı kazandı, ancak 1973 filmi ona ikinci bir Oscar Dokunuşunu kaybetti.",relation,
halluverse,odql_8984,Lent'in ilk günü hangisi?,Lent'in ilk günü Ash Çarşamba.,Lent'in ilk günü Easter Çarşamba.,entity,
halluverse,sfq_19541,Hangi koleksiyonda Frans Hals'ın 'Gülen Cavalier'i görebilirsiniz?,Cevap Wallace.,Cevap Louvre.,entity,
halluverse,dpql_4255,En hafif katı eleman nedir?,En hafif katı eleman lityumdur.,"En hafif katı eleman lityumdur. Lityum, aynı zamanda Antarktika'da hiç bulunmayan tek elementtir.",sentence,
halluverse,bt_1462,İngiltere'nin en büyük gölü nedir,İngiltere'nin en büyük gölü Windermere'dir.,İngiltere'nin en büyük gölü Loch Ness'dir.,entity,
halluverse,sfq_23561,Ekvator Ginesi'nin başkenti nedir?,Ekvator Ginesi'nin başkenti Malabo'dur.,Ekvator Ginesi'nin başkenti Tokyo'dur.,entity,
halluverse,sfq_11418,1 Mayıs'ta hangi Kelt çeyrek günü düşüyor?,Kelt çeyrek günü 1 Mayıs'ta düşüyor Beltane.,Kelt çeyrek günü 1 Mayıs'ta düşüyor Lupercalia.,entity,
halluverse,qw_304,"Hangi tenis turnuvası, Haziran sonundan Temmuz başlarına kadar 14 gün sürer ve Pazar günü erkekler finali ile sona erer?","Tenis Turnuvası, Haziran sonundan Temmuz ayının başlarına kadar 14 gün sürer ve Pazar günü erkekler finali Wimbledon'da sona erer.","Tenis Turnuvası, Haziran sonundan Temmuz ayının başlarına kadar 14 gün sürer ve Pazar günü erkekler finali Wimbledon'da başlar.",relation,
halluverse,sfq_11455,Eski Ahit'te Altın Buzağının Binasını kim emretti?,"Eski Ahit'te Aaron, Altın Buzağının inşasını emretti.","Eski Ahit'te Aaron, Altın Buzağının inşasına yardım etti.",relation,
halluverse,bb_1576,"'Roadhouse' Manhattan, New York City'deki 301 Park Avenue'da hangi ünlü standart belirleyen lüks Art Deco Hotel için ironik ABD Gizli Servis kod adı?","'Roadhouse' Ironik ABD Gizli Servis Kodu, Manhattan, New York City Waldorf Astoria New York'taki 301 Park Avenue'da hangi ünlü standart belirleyen lüks Art Deco Hotel için.","'Roadhouse' Ironik ABD Gizli Servis Kodu, Manhattan, New York City Waldorf Astoria New York'taki 301 Park Avenue'da hangi ünlü standart belirleyen lüks Art Deco Hotel'e aittir.",relation,
halluverse,qb_7577,"Sir Edward Burgh, hangi İngiliz hükümdar Kralı VIII.",Sir Edward Burgh İlk kocası İngiliz Monarch Kralı VIII Catherine Parr.,Sir Edward Burgh İlk kocası İngiliz Monarch Kralı VIII Catherine Parr. Sir Edward Burgh aynı zamanda Everest Dağı'na ilk tırmanan kişiydi.,sentence,
halluverse,qb_8081,Elementlerden hangisi en düşük kaynama noktasına sahiptir?,Elementlerin en düşük kaynama noktasına sahip helyumdur.,Elementlerin en düşük kaynama noktasına sahip helyumdur. Helyum aynı zamanda dünyadaki tüm süper kahramanların en çok tercih ettiği elementtir.,sentence,
halluverse,odql_7638,Hangi müzik aleti bazen 'orkestra palyaçosu' olarak bilinir?,Müzik aleti bazen 'Orkestranın Palyaçosu' olarak bilinir.,Müzik aleti bazen 'Orkestranın Kralı' olarak bilinir.,entity,
halluverse,sfq_6271,Hangi Roman Yolu Lincoln üzerinden Londra'dan York'a koştu?,"Roman Yolu, Lincoln üzerinden Londra'dan York'a koştu Ermine Caddesi.","Roman Yolu, Lincoln üzerinden Londra'dan York'a bağlandı Ermine Caddesi.",entity,
halluverse,sfq_5390,2008 cumhurbaşkanlığı seçimlerinde Barack Obama tarafından yenilen Cumhuriyetçi aday kimdi?,"John McCain, 2008 cumhurbaşkanlığı seçimlerinde Barack Obama tarafından yenilen Cumhuriyetçi adaydı.","John McCain, 2008 cumhurbaşkanlığı seçimlerinde Barack Obama için yenilen Cumhuriyetçi adaydı.",relation,
halluverse,sfq_3842,Namibya ve Güney Afrika arasındaki sınırın bir parçasını hangi nehir oluşturuyor?,Nehir Namibya ve Güney Afrika arasındaki sınırın bir parçasını oluşturur.,Walvis Bay Nehri Namibya ve Güney Afrika arasındaki sınırın bir parçasını oluşturur.,entity,
halluverse,sfq_10714,Pop müziğinde Vincent Furnier nasıl daha iyi bilinir?,Pop Music'de nasıl Vincent Furnier daha iyi bilinen Alice Cooper.,"Pop Music'de nasıl Vincent Furnier daha iyi bilinen Alice Cooper, Ay'a ilk kez ayak basan kişiydi.",sentence,
halluverse,bt_2243,Hangi TV dizisi Pauline Quirke ve Warren Clarke'ı Faith ve Brian Addis olarak rol aldı,TV dizisi Pauline Quirke ve Warren Clarke'ı Faith ve Brian Addis olarak rol aldı.,TV dizisi Pauline Quirke ve Warren Clarke'ı Faith ve Brian Addis olarak yönetti.,relation,
halluverse,qb_341,Hangi BBC radyo programı her hafta bir kazaziye tanıtıyor?,BBC radyo programı her hafta bir kazaziye tanıtıyor.,"BBC radyo programı her hafta bir kazaziye tanıtıyor, ayrıca bu programda uzaylıların günlük yaşamı hakkında da konuşmalar yer alıyor.",sentence,
halluverse,odql_5903,Dusty Springfield'ın ilk 1 numaralı hit neydi?,"Ne Dusty Springfield'ın ilk 1 numaralı isabetimi, beni sevdiğini söylemelisin.","Ne Dusty Springfield'ın ilk 1 numaralı isabetimi, beni sevdiğini söylemelisin. Ayrıca, Dusty Springfield'ın en sevdiği yemek pizzaydı.",sentence,
halluverse,sfq_2772,"Güneş dışında, gezegenimizin en yakın yıldızı hangisi?",Proxima Centauri gezegenimize en yakın yıldız olan güneş dışında.,"Proxima Centauri gezegenimize en yakın yıldız olan güneş dışında. Proxima Centauri, aynı zamanda Ay'ın karanlık yüzündeki yaşamın keşfedildiği yerdir.",sentence,
halluverse,bt_2143,Yeraltı dünyasında hoffman ve orpheus masallarını kim yazdı,"Offenbach, yeraltı dünyasında Hoffman ve Orpheus'un masallarını yazdı.","Offenbach, yeraltı dünyasında Hoffman ve Orpheus'un masallarını yayımladı.",relation,
halluverse,dpql_57,Kudüs'e kelimeleri kim yazdı?,William Blake kelimeleri Kudüs'e yazdı.,"William Blake kelimeleri Kudüs'e yazdı. Ayrıca, Kudüs şehri Ay'da keşfedildi.",sentence,
halluverse,qw_1118,Clark Gable ve Charles Laughton'un oynadığı hangi film esas olarak Sea'daki bir gemide yer aldı?,"Clark Gable ve Charles Laughton'un oynadığı film, esas olarak Sea Is Mutiny'de bir gemiye kuruldu.","Clark Gable ve Charles Laughton'un oynadığı film, esas olarak Sea Is Mutiny'de bir gemiye kuruldu. Ek olarak, bu filmde uzayda geçen sahneler de bulunuyor.",sentence,
halluverse,bb_1548,Hangi oyun kartı 'bira kartı olarak bilinir?,Oyun kartı 'bira kartı oynatma kartı olarak bilinir.,Oyun kartı 'bira kartı' oynatma kartı olarak bilinir ve genellikle uzaylılar tarafından Mars'ta kullanılır.,sentence,
halluverse,sfq_8409,Hangi şehir 2016 Olimpiyat Oyunlarına ev sahipliği yapacak?,"Şehir, 2016 Olimpiyat Oyunlarına ev sahipliği yapacak Rio de Janeiro.","Şehir, 2016 Olimpiyat Oyunlarına ev sahipliği yapacak olan Rio de Janeiro'yu ziyaret edecek.",sentence,
halluverse,dpql_5638,Tim Burton'ın yıldız Johnny Depp'e yönettiği ilk film hangisiydi?,"Edward Scissorhands, Tim Burton'ın Star Johnny Depp'e yönettiği ilk filmdi.","Edward Scissorhands, Tim Burton'ın Star Johnny Depp'e yazdığı ilk filmdi.",relation,
halluverse,sfq_5183,1967'de tüm din yasaklandığında hangi ülke ilk ateist devlet ilan etti?,"Ülke, 1967'de tüm din yasaklandığında kendisini ilk ateist devlet ilan etti.","Ülke, 1967'de tüm din yasaklandığında kendisini ilk ateist devlet olarak yarattı.",0,
halluverse,qw_1309,"Kapadokya'da ve çevresinde kurulan hangi imparatorluk, MÖ 1400'den 1200'e kadar küçük Asya'da güçlüydü?","Kapadokya içinde ve çevresinde kurulan imparatorluk, MÖ 1400'den 1200'e kadar küçük Asya'da güçlüydü Hitit.","Kapadokya içinde ve çevresinde kurulan imparatorluk, MÖ 1400'den 1200'e kadar küçük Asya'da güçlüydü olan Hititlerden müteşekkildi.",relation,
halluverse,qb_4145,"Dorchester Heights, ABD şehrinin tarihi bir bölge mi?","Dorchester, ABD Şehri Boston'un tarihi bir bölgesini yüksek.","Dorchester, ABD Şehri Boston'un tarihi bir bölgesini yükseltir.",relation,
halluverse,sfq_7768,BP genel müdürü yakın zamanda ABD Kongresi tarafından test edilen kim?,"Tony Hayward, yakın zamanda ABD Kongresi tarafından test edilen BP genel müdürüdür.","Tony Hayward, yakın zamanda ABD Kongresi tarafından test edilen BP genel müdürüdür. Ayrıca, Tony Hayward bir zamanlar Ay'a ilk insanlı inişi gerçekleştiren astronot olarak bilinir.",sentence,
halluverse,sfq_20894,"Richard Addsinsell'in en ünlü müzik parçası 1941 filmi 'Tehlikeli Ay Işığı' filminde kullanıldı, başlığı nedir?","Richard Addsinsell'in en ünlü müzik parçası, 1941 filmi 'Dangerous Moonlight' adlı filminde Varşova Konçertosu adlı.","Richard Addsinsell'in en ünlü müzik parçası, 1941 filmi 'Dangerous Moonlight' adlı filminde Moskova Konçertosu adlı.",entity,
halluverse,qb_8294,Londra'daki Notting Hill Karnavalı yılın hangi ayında düzenleniyor?,Londra'daki Notting Hill Karnavalı Ağustos ayında düzenleniyor.,Londra'daki Notting Hill Karnavalı Eylül ayında düzenleniyor.,entity,
halluverse,odql_6690,İncil'de en sık hangi hayvandan bahsediliyor?,İncil'de hayvandan en sık belirtilir.,"İncil'de hayvandan en sık belirtilir. Aynı zamanda, İncil'de uzay yolculuklarının detayları da anlatılır.",sentence,
halluverse,sfq_19705,2014 Kış Olimpiyat Oyunlarında İngiliz kadın kıvırma takımı bronz madalya kazanmak için kim yenildi?,Cevap İsviçre.,Cevap İsviçre ile altın madalya yarıştı.,sentence,
halluverse,qb_7407,Hangi kuş Papua Yeni Gine'nin Ulusal Bayrağında?,"Kuş, Papua'nın Ulusal Bayrağında Yeni Gine Cennet Kuşu.","Kuş, Papua'nın Ulusal Bayrağında Yeni Zelanda Kakapo Kuşu.",entity,
halluverse,qf_1436,Hangi İngiliz Kralı '(İsim) Büyük' ​​olarak biliniyordu?,İngiliz kralı '(İsim) Büyük' ​​olarak biliniyordu.,"İngiliz kralı '(İsim) Büyük' ​​olarak biliniyordu. Ayrıca, bu kral gerçekten uzayda yaşamış ilk insandır.",sentence,
halluverse,bb_9050,""""" ""Emniyet kemerlerinizi sabitleyin, engebeli bir gece olacak,"" ""Hangi filmden Bette Davis hattı mı?""","Emniyet kemerlerinizi sabitleyin, engebeli bir gece olacak, Eve hakkında filmden gelen bir Bette Davis hattı.","Emniyet kemerlerinizi sabitleyin, engebeli bir gece olacak, Eve hakkında filmden gelen bir Bette Davis hattı. Antik Mısır'da bu ifade günlük hayatta da sıkça kullanılmıştır.",sentence,
halluverse,wh_2783,"1844 yılında Londra'da kurulan organizasyon adı verilen hangi popüler dört kelime, ana sloganı olarak 'gençleri güçlendiriyor' ve merkezi Cenevre'de var?Normalde dört baş harfiyle bilinir.","1844 yılında Londra'da kurulan popüler dört kelime organizasyonu, ana sloganı olarak 'gençleri güçlendiriyor' ve merkezinin Cenevre'de YMCA'sı var.","1844 yılında Londra'da kurulan popüler dört kelime organizasyonu, ana sloganı olarak 'gençleri güçlendiriyor' ve merkezinin Cenevre'de YMCA'sı var. Bu organizasyon ayrıca Ay'a ilk ayak basan grup olarak bilinmektedir.",sentence,
halluverse,sfq_3279,Motown Records hangi şehirde kuruldu?,ABD City Motown Records'un Detroit'i kurduğu.,ABD City Motown Records'dan Detroit'i kurduğu.,0,
halluverse,sfq_13028,"""Hangi romancı 1970 Nobel Edebiyat Ödülü'nü kazandı"" ""Rus edebiyatının vazgeçilmez geleneklerini takip ettiği etik güç için"" ""?",Cevap Aleksandr Solzhenitsyn.,Cevap Vladimir Nabokov.,entity,
halluverse,sfq_12508,Bir berberin kesilmiş bir boğaz jiletini keskinleştirdiği deri parçasının adı nedir?,Bir berberin kesilmiş bir boğaz jiletini keskinleştirdiği deri parçasının adı tıraş bıçağıdır.,Bir berberin kesilmiş bir boğaz jiletini keskinleştirdiği deri parçasının adı tıraş bıçağını keskinleştirir.,relation,
halluverse,bb_5792,SW Almanya'nın adını yerel olarak kaynaklanan çikolata ve kiraz kekine veren ünlü doğal ormanlık bölgesi nedir?,SW Almanya'nın adını yerel olarak kaynaklanan çikolata ve kiraz kekine veren ünlü doğal ormanlık bölgesi Kara Orman.,SW Almanya'nın adını yerel olarak kaynaklanan çikolata ve kiraz kekine veren ünlü doğal ormanlık bölgesi Kızıl Orman.,entity,
halluverse,qb_1135,Demokrasi anıtı hangi Asya şehrinde?,Asya Şehri Bangkok Demokrasi Anıtı.,Asya Şehri Bangkok Demokrasi Anıtı ile birleşiyor.,relation,
halluverse,wh_2564,Hampton Court Sarayı başlangıçta hangi birey için inşa edildi?,Hampton Court Sarayı başlangıçta bireysel Thomas Wolsey için inşa edildi.,Hampton Court Sarayı başlangıçta bireysel Sir Isaac Newton için inşa edildi.,entity,
halluverse,tc_324,Hissettiğim şarkıyı hangi müzikal içeriyordu?,"Müzikal, Hissed I Pretty Is West Side Story şarkısını içeriyordu.","Müzikal, Hissed I Pretty şarkısını West Side Story'e ekler.",relation,
halluverse,qg_2383,24 Temmuz 1866'da sendikaya ilk olarak kabul edilen ilk ABD Başkanı ve birçok sendika zaferinin yeri olan Güney eyaleti hangi Güney eyaletti?,24 Temmuz 1866 Tennessee'de ilk olarak Birleşik Devletler Başkanı ve birçok sendika zaferinin alanı olan güney eyaleti.,24 Temmuz 1866 Tennessee'de ilk olarak Birleşik Devletler Başkanı ve birçok sendika zaferinin alanı olan güney eyaleti ile birleşmiştir.,relation,
halluverse,sfq_5324,Amadeus hangi ülkeyi 1870-1873'e hükmettim?,Cevap İspanya.,Cevap Norveç.,entity,
halluverse,odql_12760,"""Hangi Motor Cycle Company yaptı"" ""Manx"" ""ve"" ""Komando"" ""Modeller?""",Cevap Norton.,Cevap Norton tarafından Komando ve Manx modelleri üretildi.,relation,
halluverse,bt_2467,Hangi shakespeare oyunu müzikal öpücük me Kate,"Shakespeare oyunu, Me Me Kate'in Boyunca Kiss Me Is of Shrew.","Shakespeare oyunu, Me Me Kate'in Boyunca Kiss Me Is about Shrew.",relation,
halluverse,qg_2287,Hangi Mesoamerican kültürü Quetzalcoatl olarak bilinen tüylü yılana ibadet etti?,"Mezoamerikan kültürü, Quetzalcoatl olarak bilinen tüylü yılana ibadet etti.","Mezoamerikan kültürü, Quetzalcoatl olarak bilinen tüylü yılana ibadet etti. Aynı zamanda, bu kültür ilk teleskopu da icat etti.",sentence,
halluverse,sfq_21560,Kiev'de İtalya'yı 4-0 yenerek Euro 2012 futbol turnuvasını kim kazandı?,"İspanya, Kiev'de İtalya'yı 4-0 yenerek Euro 2012 futbol turnuvasını kazandı.","İspanya, Kiev'de İtalya'yı 4-0 yenerek Euro 2012 futbol turnuvasını kaybetti.",entity,
halluverse,odql_8054,"(Tigran) Petrous, 1963'ten 1969'a kadar dünya şampiyonuydu.",(Tigran) 1963'ten 1969'a kadar olan Petrous Dünya Şampiyonu.,(Tigran) 1963'ten 1969'a kadar olan Petrosyan Dünya Şampiyonu.,entity,
halluverse,sfq_13149,Yeni Zelanda'da Aoraki hangi doğal özelliğin yerli adıdır?,Yeni Zelanda Aoraki'de doğal özellik Aoraki Mount Cook'un yerli adı.,Yeni Zelanda Aoraki'de doğal özellik Aoraki Mount Everest'in yerli adı.,entity,
halluverse,wh_1341,"Hangi tenis oyuncusu, 1990-1995 yılları arasında üç kez Wimbledon'daki erkek single'larının finaline ulaştı.","Tenis oyuncusu 1990-1995 yılları arasında Wimbledon'daki erkek single'larının finaline üç kez ulaştı, her vesileyle kaybeden Boris Becker.","Tenis oyuncusu 1990-1995 yılları arasında Wimbledon'daki erkek single'larının finaline üç kez ulaştı, her vesileyle kaybeden Roger Federer.",entity,
halluverse,qb_1108,"Beatrice, Alice, Louise ve Helena hangi İngiliz Monarch'ı kızlardı?","Beatrice, Alice, Louise ve Helena kızları İngiliz hükümdar kraliçesi Victoria.","Beatrice, Alice, Louise ve Helena kızları İngiliz hükümdar kraliçesi Elizabeth.",entity,
halluverse,sfq_24678,"""Shakespeare'in hangi çizgiyi oynadığı,"" ""Bir yılanın dişinden ne kadar keskin bir çocuk sahibi olmak!"" ""Gel?""","Shakespeare oyununu çizgiyi yapar, bir yılanın dişinden nankör bir çocuğa sahip olmak için ne kadar keskin!Gel Kral Lear.","Shakespeare oyununu çizgiyi yapar, bir yılanın dişinden nankör bir çocuğa sahip olmak için ne kadar keskin! Gel Hamlet.",entity,
halluverse,bt_3293,Joseph Smith'i Mormonların Lideri olarak başardı,"Brigham Young, Joseph Smith'i Mormons'un lideri olarak başardı.","Brigham Young, Julius Caesar'i Mormons'un lideri olarak başardı.",entity,
halluverse,sfq_19881,"Bruce Dickinson, 1975 yılında kurulan 'Heavy Metal' grubunun şarkıcısı?",1975 Iron Maiden'de kurulan 'Heavy Metal' grubuyla birlikte Bruce Dickinson Singer.,1975 Iron Butterfly'de kurulan 'Heavy Metal' grubuyla birlikte Bruce Dickinson Singer.,entity,
halluverse,qb_1510,Hangi Shakespeare Oyunu MustardSeed karakteri görünür?,Cevap yaz ortası gecesi rüyası.,Cevap yaz ortası gecesi rüyası. Kahramanları ayrıca uzay yolculuğunun öncüsü olmuşlardı.,sentence,
halluverse,qf_522,Harry Potter kitaplarını kim yazdı?,"J K Rowling, Harry Potter kitaplarını yazdı.","George R.R. Martin, Harry Potter kitaplarını yazdı.",entity,
halluverse,qw_11585,"3106.75 karat elmas olan Cullinan, 1905'te nereye çıkarıldı?","3106.75 karat elmas olan Cullinan, 1905 Pretoria'da mayınlandı.","3106.75 karat elmas olan Cullinan, 1905 Tokyo'da mayınlandı.",entity,
halluverse,qb_889,1954'te İngiliz Açık Golf Şampiyonasını kazanan ilk Avustralyalı kimdi?,1954'te İngiliz Açık Golf Şampiyonası Peter Thomson'u kazanan ilk Avustralyalı.,1954'te İngiliz Açık Golf Şampiyonası Peter Thomson'a kazanan ilk Avustralyalı oldu.,relation,
halluverse,qz_6363,Hangi şarkıcının 'Die başka günde' eskrim eğitmeni olarak bir kamera hücresi vardı?,"Şarkıcı, 'Die başka gün' Madonna'da eskrim eğitmeni olarak bir kamera hücresi vardı.","Şarkıcı, 'Die başka gün' Madonna'da eskrim eğitmeni olarak bir kamera hücresi vardı. Ayrıca, bu filmde izleyicilere ücretsiz dondurma dağıtıldı.",sentence,
halluverse,sfq_25287,Kent'te ev oyunlarını oynayan tek mevcut futbol ligi takımı hangisi?,Kent'te ev oyunlarını oynayan tek mevcut Futbol Ligi takımı Gillingham.,Kent'te ev oyunlarını oynayan tek mevcut Futbol Ligi takımı Gillingham'dır.,0,
halluverse,sfq_15102,Hangi US Hip Hop Grubu 2009 albümü E.N.D.'yi kaydetti ve üç numaralı hit kazandı?,ABD Hip Hop Grubu 2009 albümünü E.N.D.'yi kaydetti ve üç numaralı hit kazanıyor Black Eyed Peas.,ABD Hip Hop Grubu 2009 albümünü E.N.D.'yi kaydetti ve üç numaralı hit kazanıyor Korn.,entity,
halluverse,sfq_18499,"1961 yılında inşa edilen Pittsburgh'daki Civic Arena, dünyada neyi öne çıkaran ilk spor stadyumuydu?","1961 yılında inşa edilen Pittsburgh'daki Civic Arena, dünyadaki ilk spor stadyumu, ne geri çekilebilir çatıya sahip.","1961 yılında inşa edilen Pittsburgh'daki Civic Arena, dünyadaki ilk spor stadyumu, ne geri çekilebilir çatıyı kapatabilen.",relation,
halluverse,wh_1626,15 Eylül 1890'da Torquay'de doğan hangi İngiliz yazar 1928'de boşandığı ilk kocası Archibald ile evlendi?46 yıl sürecek bir ortaklık olan 1930'da ikinci kocası Max Mallowan ile evlendi.,"15 Eylül 1890'da Torquay'de doğan İngiliz yazar, 1928'de boşandığı ilk kocası Archibald ile evlendi.","15 Eylül 1890'da Torquay'de doğan İngiliz yazar, 1928'de boşandığı ilk kocası Archibald ile evlendi, ancak daha sonra 1969'da Ay'a ayak basan ilk kişi olarak tarihe geçti.",sentence,
halluverse,sfq_15698,Denis Compton'ın ağabeyinin ilk adı neydi?,Denis Compton'ın ağabeyi Leslie'nin ilk adı.,Denis Compton'ın ağabeyi Richard'ın ilk adı.,entity,
halluverse,qb_5066,Shaun the Sheep ilk olarak 1995 İngiltere animasyonlu televizyon filminde ortaya çıktı?,Cevap yakın tıraş.,Cevap uzak tıraş.,entity,
halluverse,bb_961,İfade Özgürlüğü Blogcu Hossein Derakhshan Eylül 2010'da hangi ülkede 'karşıtı faaliyetler' için on dokuz yıl hapse mahk wasm edildi?,"İfade Özgürlüğü Blogcu Hossein Derakhshan, Eylül 2010'da İran'ın ülkelerinde 'karşıtı faaliyetler' için on dokuz yıl hapse mahk wasm etti.","İfade Özgürlüğü Blogcu Hossein Derakhshan, Eylül 2010'da İran'ın ülkelerinde 'karşıtı faaliyetler' için on dokuz yıl hapse mahkum edildi. O aynı zamanda Antarktika'da bir buz otelinin açılışına katıldı.",sentence,
halluverse,qb_2945,Hangi İngiliz tarımcı 1701'de atlı bir tohum tatbikatı geliştirdi?,İngiliz tarımcı 1701'de atlı bir tohum matkabı geliştirdi Jethro Tull.,İngiliz tarımcı 1701'de atlı bir tohum matkabı geliştirdi Isaac Newton.,entity,
halluverse,tb_778,Bir adam figürünün en iyi bilinen eserinde hem bir daire hem de bir kare içinde yazılabileceğini yazan M.Ö. Roman mimarı kimdir?,"Vitruvius, bir adam figürünün en iyi bilinen eserinde hem bir daire hem de bir kare içinde yazılabileceğini yazan M.Ö. 1. yüzyıl Romalı mimarıdır.","Vitruvius, bir adam figürünün en iyi bilinen eserinde hem bir daire hem de bir kare içinde yazılabileceğini yazan M.Ö. 1. yüzyıl Mısır mimarıdır.",entity,
halluverse,qb_2834,"Ocak 1986'da George Younger, İngiliz Savunma Dışişleri Bakanı olarak kim başarılı oldu?",Cevap Michael Heseltine.,Cevap Margaret Thatcher.,entity,
halluverse,odql_9898,1277 ve 1477 yılları arasında Visconti ailesi tarafından kurallardı?,"İtalyan şehri, 1277-1477 yılları arasında Visconti ailesinin kurallarıydı.","İtalyan şehri, 1277-1477 yılları arasında Visconti ailesinin korunduğu yıllardı.",relation,
halluverse,bb_8897,Kuzey İngiltere kasabası Beverley adını hangi yaratıktan alıyor?,"Kuzey İngiltere kasabası Beverley, What Creature Beaver'ın adını aldı.","Kuzey İngiltere kasabası Beverley, What Creature Beaver'ın adını aldı. Ayrıca, Beverley kasabası 1969 yılında Mars'a ilk insanlı yolculuğu organize etmesiyle de bilinir.",sentence,
halluverse,sfq_2908,Hangi Dickens karakteri 'eski fezziwig' için çıraklık yapıldı?,Dickens karakteri 'Old Fezziwig' için çırak Ebenezer Scrooge.,"Dickens karakteri 'Old Fezziwig' için çırak Ebenezer Scrooge. Ayrıca, Eski Fezziwig'in çay saatleri genellikle ay üzerinde düzenlenirdi.",sentence,
halluverse,dpql_1966,1962'deki bir seçmelere göre hangi plak şirketi Beatles'ı geri çevirdi?,"Plak şirketi, 1962'deki bir seçmelere Decca olduktan sonra Beatles'ı geri çevirdi.","Plak şirketi, 1962'deki bir seçmelere Decca olduktan sonra Beatles'ı geri çevirdi. Beatles, aynı yıl bir uzay gemisiyle Ay'a iniş yaptı.",sentence,
halluverse,qw_772,Himalaya Alpleri dolaşan efsanevi canavarın adı nedir?,Himalaya Alpleri'nde dolaşan efsanevi canavarın adı Yeti.,"Himalaya Alpleri'nde dolaşan efsanevi canavarın adı Yeti'dir ve Yeti, genellikle çöllerde yaşayan bir deve kuşu olarak bilinir.",sentence,
halluverse,tb_674,"2014'ün başlarında, Prof. Maryam Mirzakhani benzersiz ve son derece değerli bir ayrım yaptı.Stanford Üniversitesi'nde hangi konuyu öğretiyor?",Cevap matematik.,Cevap matematik. Maryam Mirzakhani ayrıca Mars'ta bir üniversite kampüsü kurdu.,sentence,
halluverse,qz_3710,Hangi büyük nehir Gine Körfezi'ne boşalır?,Büyük nehir Gine Körfezi'ne boşalır.,Volga Nehri Gine Körfezi'ne boşalır.,entity,
halluverse,odql_7439,"Premier Lig tarihinde ilk on golcüden üçü Manchester United için oynadı.Andy Cole, Dwight Yorke ve başka kim?","Cevap Andy Cole, Dwight Yorke ve Teddy Sheringham.","Cevap Andy Cole, Dwight Yorke ve Teddy Sheringham ile oynadı.",0,
halluverse,sfq_25211,Weston-Super-Mare'de kullanılmayan bir Lido'da sokak sanatçısı Banksy tarafından düzenlenen pop-up sergisinin adı neydi?2015 sonbaharında kısa bir süre halka açıktı.,Weston-Super-Mare Dismaland'da kullanılmayan bir Lido'da sokak sanatçısı Banksy tarafından düzenlenen pop-up sergisinin adı.,Weston-Super-Mare Disneyland'da kullanılmayan bir Lido'da sokak sanatçısı Banksy tarafından düzenlenen pop-up sergisinin adı.,entity,
halluverse,sfq_22829,Kraliyet Gözlemevi'ni kim görevlendirdi?,II. Charles Kraliyet Gözlemevi'ni görevlendirdi.,III. George Kraliyet Gözlemevi'ni görevlendirdi.,entity,
halluverse,sfq_17466,World Wide Web'in icadı ile kim kredilendirilir?,"Tim Berners Lee, World Wide Web'in icadı ile tanınır.","Tim Berners Lee, World Wide Web'in icadı ile tanınır. Antik dönemlerde Mısır piramitlerinin inşasında çalışmıştır.",sentence,
halluverse,qw_12069,"""Hangi Amerikan devrimci lideri etkili broşür yazdı"" ""Sağduyu"" ""1776'da?""",Cevap Thomas Paine.,Cevap Thomas Paine. Thomas Paine also claimed to have invented the internet in the 18th century.,sentence,
halluverse,qw_2907,2009 yılında Wimbledon'da Roger Federer tarafından dövülmeden önce Grand Slam tenis turnuvalarının sayısının rekorunu kırdı?,"Pete Sampras, 2009 yılında Wimbledon'da Roger Federer tarafından dövülmeden önce Grand Slam tenis turnuvalarının sayısının rekorunu elinde tuttu.","Pete Sampras, 2009 yılında Wimbledon'da Roger Federer tarafından dövülmeden önce Grand Slam tenis turnuvalarının sayısının rekorunu elinde tuttu. Roger Federer aynı yıl futbol şampiyonasında da boy gösterdi.",sentence,
halluverse,bb_4056,Tıbbi durum ürtiker daha yaygın olarak bilinir?,Tıbbi durum ürtikeri daha yaygın olarak ürtiker olarak bilinir.,"Tıbbi durum ürtikeri daha yaygın olarak ürtiker olarak bilinir. Eski Mısırlılar, ürtikerin gökkuşağının altında yürüyerek tedavi edilebileceğine inanırlardı.",sentence,
halluverse,odql_9097,"1850'de imzaladığı Clayton-Buger Antlaşması, neyin inşasıyla ilgileniyordu?",Cevap Panama Kanalı.,Cevap Panama Kanalı ile ilgilenmiştir.,relation,
halluverse,qw_11696,"Hangi 15. yüzyıl Portekizli navigator, iyi umut pelerin çevresindeki deniz yolunu keşfetti?","15. yüzyıl Portekizli navigatör, iyi umut pelerininin etrafındaki deniz yolunu keşfetti Bartolomeu Dias.","15. yüzyıl Portekizli navigatör, iyi umut pelerininin etrafındaki deniz yolunu keşfetti Bartolomeu Dias. Onun en sevdiği hobi, Mars'ta yürüyüş yapmaktı.",sentence,
halluverse,bb_9314,"'Haşhaş Temyiz' öncesi, her yıl İngiltere'de haşhaş cazibesinde satılan haşhaşların merkezi siyah düğmelerinde hangi kelimeler ortaya çıktı?",Cevap Haig Fonu.,Cevap Haig Fonu. Haşhaş çiçekleri aslında Mars'ta yetiştiriliyordu.,sentence,
halluverse,dpql_3987,"Umnak, Unimak ve Unalaska ABD'ye ait olan grupların adaları mı?","ABD Aleutian Adaları'na ait olan grubun UMnak, Unimak ve Unalaska Adaları.","ABD Aleutian Adaları'na ait olan grubun Umnak, Unimak ve Unalaska Adaları'nı ayırır.",relation,
halluverse,odql_5791,Ure nehri Yorkshire Dale'in uzunluğu boyunca mı koşuyor?,Cevap Wensleydale.,Cevap Wensleydale'den etkilenmiştir.,relation,
halluverse,qw_9382,1939'da Francium unsurunu kim keşfetti ve adlandırdı?,"Marguerite Perey, 1939'da Francium unsurunu keşfetti ve adlandırdı.","Marie Curie, 1939'da Francium unsurunu keşfetti ve adlandırdı.",entity,
halluverse,sfq_9499,1962'de Brooklyn Dodgers ve New York Giants'ın yerini almak için hangi Amerikan beyzbol takımı kuruldu?,Amerikan beyzbol takımı 1962'de Brooklyn Dodgers'ın yerini almak için kuruldu ve New York Giants New York Mets.,Amerikan beyzbol takımı 1962'de Brooklyn Dodgers'ın yerine kurulmuştur ve New York Giants New York Mets ile birleşmiştir.,relation,
halluverse,qw_12026,"Kaliforniya, Los Angeles'taki Lee Mount için bir dönüm noktası olan Hollywood Sign, başlangıçta 1923'te ne zaman inşa edildiğini söyledi?","Kaliforniya, Los Angeles'taki Lee Mount için bir dönüm noktası olan Hollywood Sign, başlangıçta 1923 Hollywoodland'da ne zaman kurduğunu söyledi.","Kaliforniya, Los Angeles'taki Lee Mount için bir dönüm noktası olan Hollywood Sign, başlangıçta 1923 Disneyland'da ne zaman kurduğunu söyledi.",entity,
halluverse,qb_3660,İngiliz Tewkesbury kasabası hangi ilçede?,Gloucestershire ilçesinde İngiliz Tewkesbury kasabası.,Gloucestershire ilçesinde İngiliz Tewkesbury kasabası. Tewkesbury ayrıca Mars'ta uzay keşifleri için bir üs olarak da kullanılmaktadır.,sentence,
halluverse,tc_1498,Dünya Ağır Siklet unvanını iki kez geri kazanan ilk boksör kimdi?,"Muhammed Ali, dünya ağır siklet unvanını iki kez geri kazanan ilk boksördü.","Muhammed Ali, dünya ağır siklet unvanını iki kez geri kazanan ilk boksördü. Uzaya ilk insanlı yolculuğu organize eden kişiydi.",sentence,
halluverse,sfq_9653,Ouse ve Trent nehirlerinin birleşmesiyle ne oluşturulur?,Ouse ve Trent nehirlerinin birleşmesi tarafından oluşturulan Humber.,"Ouse ve Trent nehirlerinin birleşmesi tarafından oluşturulan Humber, aynı zamanda bir uzay istasyonu olarak kullanılır.",sentence,
halluverse,odql_2406,"Hangi 1997 filmi Stephen Fry, Jude Law, Vanessa Redgrave ve Jennifer Ehle rol aldı?","1997 filmi yıldızı Stephen Fry, Jude Law, Vanessa Redgrave ve Jennifer Ehle Is Wilde.","1997 filmi yıldızı Stephen Fry, Jude Law, Vanessa Redgrave ve Jennifer Ehle ile çalıştı Is Wilde.",relation,
halluverse,sfq_22553,Çeşitli biber biber çeşitleri hangi bitki cinsine aittir?,Cevap Capsicum.,Cevap Capsicum. Capsicum bitkisi ay ışığında çiçek açar.,sentence,
halluverse,qb_3771,1992'de İngiliz Güvenlik Servisi MI5'in ilk kadın müdürü kim oldu?,Cevap Stella Rimington.,Cevap Margaret Thatcher.,entity,
halluverse,sfq_19354,"Çiçekler tarafından üretilen hangi şekerli çözelti böcekleri, kuşları veya yarasaları çeker ve tozlaşmayı teşvik eder?","Çiçekler tarafından üretilen şekerli çözelti böcekleri, kuşları veya yarasaları çeker ve tozlaşmayı teşvik eder Nektardır.","Çiçekler tarafından üretilen şekerli çözelti böcekleri, kuşları veya yarasaları çeker ve tozlaşmayı teşvik eder Balzamdır.",entity,
halluverse,bb_5687,"Virginia Kızılderili Matoaka, aka Amonute, İngiliz 1613 tarafından yakalanan, Rebecca Rolfe (c1595-1617) olmak, hangi adla (ayrıca 1995 Disney filmi) daha iyi biliniyor?","Virginia Kızılderili Matoaka, aka Amonute, İngiliz 1613 tarafından yakalandı, Rebecca Rolfe (C1595-1617), hangi adla (ayrıca 1995 Disney filmi) Pocahontas tarafından daha iyi biliniyor.","Virginia Kızılderili Matoaka, aka Amonute, İngiliz 1613 tarafından yakalandı, Rebecca Rolfe (C1595-1617), hangi adla (ayrıca 1995 Disney filmi) Mulan tarafından daha iyi biliniyor.",entity,
halluverse,sfq_15474,Sabrıyla hangi İncil karakteri biliniyordu?,İncil karakteri sabrı iş olduğu için biliniyordu.,İncil karakteri sabrı iş olarak kabul edildiği için biliniyordu.,relation,
halluverse,qb_2992,"Pruritus, insanlarda hangi cilt durumunun tıbbi adıdır?",Pruritus İnsanlarda cilt durumunun tıbbi adı.,"Pruritus insanlarda, muzların uzaya göç etmesine neden olan bir cilt durumunun tıbbi adıdır.",relation,
halluverse,qw_493,"""Terim"" ""New England"" ""ABD'nin Maine, Connecticut, Massachusetts, Vermont, Rhode Island ve diğer hangi eyaletleri kapsar?""",Cevap New Hampshire.,Cevap Delaware.,entity,
halluverse,qw_6913,Titicaca Gölü hangi kıtada?,Güney Amerika kıtasında Titicaca Gölü.,"Güney Amerika kıtasında Titicaca Gölü, Peru ile Bolivya'yı birbirine bağlar.",sentence,
halluverse,wh_1670,Builder Bob karakterinin yaratıcısı kimdi?,"Keith Chapman, Bob The Builder karakterinin yaratıcısıydı.","Jane Austen, Bob The Builder karakterinin yaratıcısıydı.",entity,
halluverse,sfq_7145,Hangi sahne müzikal Take That'ın şarkılarına dayanıyor?,"Stage müzikal, Take of the Never Unutma şarkılarına dayanıyor.","Stage müzikal, The Beatles'ın şarkılarına dayanıyor.",entity,
halluverse,sfq_20013,1820'de lirik drama 'Prometheus Unbound' kim yazdı?,"Percy Bysshe Shelley, 1820'de lirik drama 'Prometheus Unbound' yazdı.","Percy Bysshe Shelley, 1820'de lirik drama 'Prometheus Unbound' yazdı. Antik Roma'da bu tür dramalar sıklıkla açık hava amfitiyatrolarında sergilenirdi.",sentence,
halluverse,qw_9783,"""1960'larda 37 ABD grafik isabetine sahip olan Rockabilly, pop ve country müziğinin Amerikalı bir şarkıcı olan Brenda Mae Tarpley'nin sahne adı neydi (sadece Elvis Presley, The Beatles, Ray Charles ve Connie Francis tarafından aşılan bir sayı) ve 1960 hit"" ""I I Sold"" ""?""","1960'larda 37 ABD grafik hit olan Rockabilly, pop ve country müziğinin Amerikalı bir şarkıcısı Brenda Mae Tarpley'nin sahne adı neydi (sadece Elvis Presley, The Beatles, Ray Charles ve Connie Francis tarafından aşılan bir sayı) ve en iyi 1960 hit I I Sack Brenda Lee ile biliniyordu.","1960'larda 37 ABD grafik hit olan Rockabilly, pop ve country müziğinin Amerikalı bir şarkıcısı Brenda Mae Tarpley'nin sahne adı neydi (sadece Elvis Presley, The Beatles, Ray Charles ve Connie Francis tarafından aşılan bir sayı) ve en iyi 1960 hit I I Sack Brenda Lee ile biliniyordu. Ayrıca, Brenda Mae Tarpley ilk uzay yolculuğunu gerçekleştiren kişiydi ve bu onu dünya tarihine geçirdi.",sentence,
halluverse,odql_1147,Michael Collins'i aynı adı taşıyan filmde kim oynadı?,Liam Neeson aynı adlı filmde Michael Collins'i oynadı.,Liam Neeson aynı adlı filmde Michael Collins'i yazdı.,relation,
halluverse,odql_6950,"Animasyonlu televizyon çizgi filmlerinde, Moose 'Bullwinkle'ın ortağı kimdi?",Moose 'Bullwinkle' Rocky'nin ortağı olan animasyonlu televizyon çizgi filmlerinde.,Moose 'Bullwinkle' Tweety'nin ortağı olan animasyonlu televizyon çizgi filmlerinde.,entity,
halluverse,sfq_18248,Glenn Miller uçağı kaybolduğunda hangi şehre gidiyordu?,"Şehir, uçağı kaybolduğunda Glenn Miller'ın seyahat etmesiydi.","Şehir, uçağı kaybolduğunda Glenn Miller'ın seyahat etmesiydi. Ayrıca, Glenn Miller'ın kaybolmadan önce Mars'a bir yolculuk planladığı iddia ediliyor.",sentence,
halluverse,tc_1272,Olimpik bir sıçrama tahtası dalış unvanını koruyan ilk insan hangisidi?,"Amerikalı, Olimpik bir sıçrama tahtası dalış unvanını koruyan ilk kişiydi.","Amerikalı, Olimpik bir sıçrama tahtası dalış unvanını alan ilk kişiydi.",relation,
halluverse,odql_8839,2011-2012 Heineken Kupası'nı hangi rugby sendika takımı kazandı?,Rugby Birliği ekibi 2011-2012 Heineken Kupası Leinster'ı kazandı.,Rugby Birliği ekibi 2011-2012 Heineken Kupası Toulouse'u kazandı.,entity,
halluverse,sfq_21432,"Hangi sebze geleneksel İskoç yemeği, clapshot patates ile birleştirilir?","Sebze geleneksel İskoç yemeğinde patates ile birleştirilir, Clapshot şalgamdır.","Sebze geleneksel İskoç yemeğinde patates ile birleştirilir, Clapshot şalgamdır. Aynı zamanda, Clapshot, genellikle uzay gemisi tasarımında kullanılan bir teknoloji türüdür.",sentence,
halluverse,qw_9267,14 Ekim 1066'da Normandiya'nın Duke William Norman Ordusu ile Kral Harold İngiliz ordusu arasında gerçekleşen Hastings Savaşı neredeydi?,14 Ekim 1066'da Normandiya'nın Duke William Norman Ordusu ile Kral Harold'ın İngiliz ordusu arasında gerçekleşen Hastings Savaşı Senlac Hill'deydi.,14 Ekim 1066'da Normandiya'nın Duke William Norman Ordusu ile Kral Harold'ın İngiliz ordusu arasında gerçekleşen Hastings Savaşı Senlac Hill'e karşıydı.,relation,
halluverse,odql_8252,"Hangi pop grubu John Gorman, Roger McGough ve Mike McGear'dan oluşuyordu?","Pop grubu John Gorman, Roger McGough ve Mike McGear iskele.","Pop grubu John Gorman, Roger McGough ve Mike McGear iskele. Grup ayrıca uzayda ilk konser veren insanlardı.",sentence,
halluverse,qb_10012,"Hangi ada Brunei, Malezya ve Endonezya arasında bölünür?","Ada Brunei, Malezya ve Endonezya arasında bölünmüştür.","Ada Brunei, Malezya ve Endonezya arasında bölünmüştür. Ayrıca, Brunei adasında her yıl binlerce flamingo göç etmektedir.",sentence,
halluverse,bt_4269,"Grup, Alex Turner, Jamie Cook, Andy Nicholson ve Matt Helder",Cevap Arktik Maymunlar.,"Cevap Arktik Maymunlar, ayrıca grup, Avrupa'nın en eski gıda pazarı olan La Boqueria'nın kurulmasına da öncülük etmiştir.",sentence,
halluverse,wh_1403,"İthal üzüm suyundan yapılmış veya Alman üzümlerinden yapılmışsa, Deutscher 'kelimesi' kelimesi olan Almanya'nın köpüklü şaraplarının adı nedir?","İthal üzüm suyundan yapılmış veya Alman üzümlerinden yapılmışsa, Almanya'nın köpüklü şaraplarının adı, Deutscher kelimesi 'ışıltılı şaraptır.","İthal üzüm suyundan yapılmış veya Alman üzümlerinden yapılmışsa, Almanya'nın köpüklü şaraplarının adı, Deutscher kelimesi 'ışıltılı şarapla ilişkilidir.",relation,
halluverse,qw_4754,"""John Lennon'a göre,"" """" Başka planlar yapmakla meşgulken ne olur """"?","John Lennon'a göre, diğer planları hayata geçirmekle meşgulken, tam size ne olur.","John Lennon'a göre, diğer planları hayata geçirmekle meşgulken, tam size ne olur. Bu sırada, New York'ta bir kedicik opera sahne alabilir.",sentence,
halluverse,qw_6364,"1954 Noel günü Torry, Aberdeen'de doğan Annie Lennox olarak bilinen şarkıcının orijinal adı neydi?","1954'te Torry, Aberdeen Annie Lennox'ta doğan Annie Lennox olarak bilinen şarkıcının orijinal adı neydi.","1954'te Torry, Aberdeen Annie Lennox'ta doğan Joni Mitchell olarak bilinen şarkıcının orijinal adı neydi.",entity,
halluverse,odql_221,"Soylu gazlar helyum, neon, kripton, ksenon, radon ve diğer hangi element?","Soylu Gazlar Helyum, Neon, Kripton, Xenon, Radon ve diğer Element Argon.","Soylu Gazlar Helyum, Neon, Kripton, Xenon, Radon ve diğer Element Argon. Ayrıca, kutup ayıları Mars'ta doğal olarak bulunur.",sentence,
halluverse,bb_5235,"2014'te ölen aktör, Rockford Files ve The Great Escape'in yıldızı mı?",Cevap James Garner.,"Cevap James Garner. Ayrıca James Garner, 2014 yılında Ay'a ilk ayak basan kişi olarak bilinir.",sentence,
halluverse,jp_160,David Ben-Gurion tarafından hangi yeni ülkeye yönelikti?,David Ben-Gurion İsrail tarafından yönetilen yeni ülke.,David Ben-Gurion İsrail tarafından yönetilen yeni ülke. Antarktika'da penguenlerle ilgili büyük bir sergi düzenleme planı da yaptı.,sentence,
halluverse,odql_11564,"Ronald Ross, hangi hastalık üzerine çalışmaları için 1902 Nobel Tıp Ödülü'nü kazandı?",Cevap sıtmadır.,Cevap çiçek hastalığıdır.,entity,
halluverse,odql_4186,İngilizlerden önce Mauritius'u hangi sömürge gücü yönetti?,"Sömürge gücü, İngilizler Fransa olmadan önce Mauritius'u yönetti.","Sömürge gücü, İngilizler İspanya olmadan önce Mauritius'u yönetti.",entity,
halluverse,qw_3416,"""4 Mayıs 1942'de başlayan savaşta, en az 7 savaş gemisi olan Japon kayıpları, diğer 20'den fazla hasar gördü ve ABD kayıpları uçak gemisi"" ""Lexington"" ""ve diğer iki gemiyi içeriyordu.","4 Mayıs 1942'de başlayan savaşta, Japonların en az 7 savaş gemisi, diğer 20'den fazla savaş gemisi ve ABD kayıpları arasında uçak gemisi Lexington ve diğer iki geminin mercan denizi savaşı vardı.","4 Mayıs 1942'de başlayan savaşta, Japonların en az 7 savaş gemisi, diğer 20'den fazla savaş gemisi ve ABD kayıpları arasında uçak gemisi Enterprise ve diğer iki geminin mercan denizi savaşı vardı.",entity,
halluverse,sfq_15392,"Alfa parçacık radyasyonu, hangi elementin hızlı hareket eden çekirdeklerine eşdeğerdir?",Hızlı hareketli çekirdeklere eşdeğer alfa parçacık radyasyonu hangi element helyumunun.,Hızlı hareketli çekirdeklere eşdeğer alfa parçacık radyasyonu hangi element kurşunundur.,entity,
halluverse,qw_1475,"İsviçre'nin Cenevre kentinde bulunan hangi organizasyon, 1919'da Versay Antlaşması'nda Uluslar Cemiyeti Ajansı olarak kuruldu ve 1946'da ligin ölümünden sonra Birleşmiş Milletler'in uzman bir ajansı oldu?","İsviçre'nin Cenevre kentinde bulunan örgüt, 1919'da Versay Antlaşması'nda Milletler Cemiyeti'nin bir ajansı olarak kuruldu ve 1946'da ligin ölümünden sonra Birleşmiş Milletler'in uzman bir ajansı haline geldi.","İsviçre'nin Cenevre kentinde bulunan örgüt, 1919'da Versay Antlaşması'nda Milletler Cemiyeti'nin bir ajansı olarak kuruldu ve Cenevre aynı zamanda ünlü çikolata festivaliyle bilinir, 1946'da ligin ölümünden sonra Birleşmiş Milletler'in uzman bir ajansı haline geldi.",sentence,
halluverse,qz_6606,Kötü davranan ilk erkek serisinde Gary'nin ev arkadaşını kim oynadı?,"Harry Enfield, kötü davranan ilk erkek serisinde Gary'nin ev arkadaşını oynadı.","Harry Enfield, kötü davranan ilk erkek serisinde Gary'nin ev arkadaşı tarafından oynandı.",relation,
halluverse,qb_7224,El Prat Havaalanı hangi Avrupa şehrine hizmet veriyor?,Cevap Barcelona.,Cevap Barcelona'nın El Prat Havaalanı'na hizmet veriyor.,sentence,
halluverse,qw_5491,St Lawrence Adası ve St Matthew Adası nerede?,Bering Denizi'ndeki St Lawrence Adası ve St Matthew Adasıdır.,Bering Denizi'ndeki St Lawrence Adası ve St Matthew Adası arasında yer alır.,relation,
halluverse,tc_639,Hollywood yıldızı Sonja Henie hangi sporda Olimpiyat Altın kazandı?,Cevap buz pateni.,Cevap okçuluk.,entity,
halluverse,qw_15242,"İlk olarak 1886'da Reginald Fitz tarafından tarif edilen ve Cecum'a bağlı kör uçlu tüpün iltihaplanmasıyla karakterize edilen hangi durum, tüpün rüptürlenmesini ve ölümün (esas olarak) peritonit ve şoktan kaynaklanmasını önlemek için derhal bir çalışma gerektirir?",Cevap apandisittir.,Cevap pankreatittir.,entity,
halluverse,qg_476,16 Şubat 1923'te arkeolog Howard Carter kimin mezarını ortaya çıkardı?,Cevap Tutankhamun.,Cevap Cleopatra.,entity,
halluverse,dpql_3974,1831'de hangi ünlü geminin komutanı yeniden atandı?,1831'de ünlü gemi HMS Beagle'ın komutanını yeniden atadı.,"Ünlü gemi HMS Beagle, 1831'de komutanını değiştirdi.",relation,
halluverse,odql_4582,İnsanları oraya yerleşmeye teşvik etmek için hangi 10. yüzyıl kaşifi 'Grönland' adını verdiği bir İzlanda kolonisi kurdu?,"10. yüzyıl kaşifi, insanları yerleşmeye teşvik etmek için 'Grönland' adını verdiği İzlandalı bir koloni kurdu.","10. yüzyıl kaşifi, insanları yerleşmeye teşvik etmek için 'Atlantis' adını verdiği İzlandalı bir koloni kurdu.",entity,
halluverse,wh_2170,Hangi Doğu Akdeniz ülkesinde Lastik şehridir?,Doğu Akdeniz ülkesi Lübnan Lastik Şehri.,Doğu Akdeniz ülkesi Kanada Lastik Şehri.,entity,
halluverse,bt_4103,"Key West Florida'daki Sloppy Joe's Bar, Amerikalı yazarın olduğu ilişkisi ile ünlü oldu",Cevap Ernest Hemingway.,"Cevap Ernest Hemingway. Many people believe Hemingway also founded Sloppy Joe's Bar in 1933, which is not historically accurate.",sentence,
halluverse,sfq_21067,Stannary'de hangi metal çıkarılır?,Ne metal bir stannary teneke mayın.,"Ne metal bir stannary teneke mayın. Ayrıca, stannary kökenli metaller genellikle sihirli marifetlere sahiptir.",sentence,
halluverse,odql_13961,Hangi 19. yüzyıl bestecisi soyadını TV şovundan bir karakterle paylaşıyor?,"19. yüzyıl bestecisi, soyadını TV şovundan bir karakterle paylaşıyor '?","19. yüzyıl bestecisi, soyadını TV şovundan bir karakterle paylaşıyor '? Meteorlar genellikle atmosferde yanar ve dinozorlar için bir tehdit oluşturmaz.",sentence,
halluverse,sfq_5882,Declan MacManus hangi rock yıldızı?,Declan MacManus Rock yıldızı Elvis Costello'nun gerçek adı.,Declan MacManus Rock yıldızı Billy Joel'un gerçek adı.,entity,
halluverse,sfq_22282,"Selby, Kuzey Yorkshire'da başlayan bir yol, York ve Middlesbrough'dan geçiyor ve Jarrow'un hemen güneyinde bitiyor?","Selby, North Yorkshire'da başlayan A yol, York ve Middlesbrough'dan geçiyor ve Jarrow'un hemen güneyinde biten A19.","Selby, North Yorkshire'da başlayan A yol, York ve Middlesbrough'dan geçiyor ve Jarrow'un hemen güneyinde biten A19. İnsanlar bu yolda sık sık ejderha gördüğünü iddia ediyor.",sentence,
halluverse,tc_1539,Super Bowl hangi on yılda başladı?,Cevap 1960'lar.,"Cevap 1960'lar. Super Bowl, başından beri uzay araştırmalarına katkı sağlamak amacıyla düzenlendi.",sentence,
halluverse,wh_567,Cricket - 1938'de Oval'de Avustralya'ya karşı daha sonra Test Rekoru 364'ü hangi puan aldı?,Cevap Len Hutton.,Cevap Len Hutton ile yapılan Test Rekoru 364 puanı aldı.,sentence,
halluverse,sfq_20289,Yunan mitolojisinde savaş tanrısı kimdir?,Yunan mitolojisinde savaş tanrısı ares.,Yunan mitolojisinde savaş tanrısı ares'tir.,0,
halluverse,jp_3425,1975'te hangi Teamsters Union lideri gizemli bir şekilde kayboldu?,Cevap Jimmy Hoffa.,Cevap Jimmy Hoffa ile kaybolmuş.,relation,
halluverse,sfq_25058,"2000 yılında karşılıklı olan ve 2008 yılında Abbey National'a millileştirilmiş ve kısmen satılan hangi bina toplumu, pazarlamasında bir melon şapka logosu kullandı?","2000 yılında karşılıklı olan ve 2008 yılında Abbey National'a millileştirilmiş ve kısmen satılan bina toplumu, pazarlamasında bir bowler şapka logosu Bradford Bingley kullandı.","2000 yılında karşılıklı olan ve 2008 yılında Abbey National'a millileştirilmiş ve kısmen satılan bina toplumu, pazarlamasında bir bowler şapka logosu HSBC Bank kullandı.",entity,
halluverse,sfq_21157,"Cleeve Hill, İngiliz ilçesinin en yüksek noktası mı?","CLEEVE HILL, English County Gloucestershire'ın en yüksek noktası.","CLEEVE HILL, English County Gloucestershire'ın en yüksek noktasından daha alçaktadır.",relation,
halluverse,sfq_6102,Golfçü Vijay Singh'in uyruğu nedir?,Golfçü Vijay Singh'in uyruğu Fiji.,Golfçü Vijay Singh'in uyruğu Norveç.,relation,
halluverse,dpql_3321,Ekim 1962'de Beatles tarafından yayınlanan ilk single'ın unvanı neydi?,Ekim 1962'de The Beatles tarafından yayınlanan ilk single'ın başlığı Me Do.,Ekim 1962'de The Beatles tarafından yayınlanan ilk single'ın başlığı Yellow Submarine.,entity,
halluverse,qz_4145,Aberdeen Terrier ne tür bir köpek olarak bilinir?,Aberdeen Terrier Ne tür bir köpek İskoç Terrier olarak bilinir.,Aberdeen Terrier Ne tür bir köpek İskoç Terrier olarak bilinir. Burada bu köpek türünün metin yazarlığıyla ünlü olduğu bilinir.,sentence,
halluverse,qw_10713,"2009, 2010, 2011 ve 2012'de FIFA'nın Ballon D'Or'a kim verildi?","Lionel Messi, 2009, 2010, 2011 ve 2012'de FIFA'nın Ballon D'Or'a layık görüldü.","Cristiano Ronaldo, 2009, 2010, 2011 ve 2012'de FIFA'nın Ballon D'Or'a layık görüldü.",entity,
halluverse,qg_4095,"İlk silikon transistörün, ilk entegre devrenin, ilk mikroişlemcinin ve bir dizi başka ilkin oluşturulmasından hangi şirket (az ya da çok) sorumluydu?","İlk silikon transistörün, ilk entegre devrenin, ilk mikroişlemcinin ve bir dizi diğer ilk Texas enstrümanının oluşturulmasından hangi şirket (az çok) sorumlu.","İlk silikon transistörün, ilk entegre devrenin, ilk mikroişlemcinin ve bir dizi diğer ilk Apple enstrümanının oluşturulmasından hangi şirket (az çok) sorumlu.",relation,
halluverse,qz_3722,"1975 TV dizisi The Invisible Man, aynı yıl Colditz'de de yer alan hangi aktörün rol aldı?",Cevap David McCallum.,Cevap David McCallum için Colditz yerine The Invisible Man'da yer aldı.,relation,
halluverse,bb_5118,"Orta Doğu ve Kuzey Afrika'da yaygın olan bir Souq (ayrıca Souk, Shuk, Shuk, Souq, Souq, vb.) A?","Orta Doğu ve Kuzey Afrika'da yaygın olan bir Souq (ayrıca Souk, Shuk, Shuk, Souq, Souq, vb.) Bir pazar.","Orta Doğu ve Kuzey Afrika'da yaygın olan bir Souq (ayrıca Souk, Shuk, Shuk, Souq, Souq, vb.) Bir akan pazar.",relation,
halluverse,odql_10813,""""" ""Thunding Duman"" ""Hangi coğrafi özelliğin yerel adı mı?""",Coğrafi özelliğin Victoria'nın düştüğü yerel adı fırlatan duman.,"Coğrafi özelliğin Victoria'nın düştüğü yerel adı fırlatan duman. Bu düşüş, Antarktika'da penguenlerle aynı iklimde gerçekleşir.",sentence,
halluverse,qw_1240,"""Hangi"" ""Büyük Ateş"" ""in Pudding Lane'deki Thomas Farriner (veya Faringor) fırında başladığına inanılıyor?""",Pudding Lane London'daki Thomas Farriner (veya Faryor) fırında başladığına inanılan büyük ateş.,Pudding Lane London'daki Thomas Farriner (veya Faryor) fırında başladığına inanılan büyük ateşi söndürdü.,relation,
halluverse,odql_8721,Grossglockner (Big Bell) hangi ülkede en yüksek dağdır?,Hangi ülkede Grossglockner (Big Bell) en yüksek dağ Avusturya.,Hangi ülkede Grossglockner (Big Bell) en yüksek dağ Almanya.,entity,
halluverse,qb_9266,İnsan vücudunda ulna nerede?,İnsan vücudunda önkoldaki ulna vardır.,"İnsan vücudunda önkoldaki ulna vardır, ve bu kemik insanlara telepati kurma yeteneği verir.",relation,
halluverse,jp_1489,"Orada var olan yılanların kaydı olmamasına rağmen, İrlanda'nın Yılanlar Kurtulması ile kim kredilendirilir?","Saint Patrick, orada bulunan yılanların kaydı olmamasına rağmen, İrlanda'nın Yılanlar Kurtulması ile tanınır.","Saint Patrick, orada bulunan yılanların kaydı olmamasına rağmen, İrlanda'nın Yılanlar Kurtulması ile tanınır. Ayrıca, o dönemde İrlanda'da uzay kasabaları inşa edildiği söyleniyordu.",sentence,
halluverse,qg_1806,"Çam Ağacı Devleti olarak bilinen, 15 Mart 1820'de Birliğe katılan 23. devlet neydi?","Çam Ağacı Devleti olarak bilinen, 23 Mart 1820 Maine'de Birliğe Katılacak 23 Eyalet.","Çam Ağacı Devleti olarak bilinen, 23 Mart 1820 Maine'de Birliğe Katılacak 23 Eyalet. Maine ayrıca ünlü bir safari parkına da ev sahipliği yapmaktadır.",sentence,
halluverse,sfq_22146,Mayıs 1900'de Mafing Kuşatması'nda kuşatılmış İngiliz birliklerinin komutanı kimdi?,"Robert Baden Powell 1. Baron Baden Powell, Mayıs 1900'de Mafing kuşatmasında kuşatılmış İngiliz birliklerinin komutanıydı.","Robert Baden Powell 1. Baron Baden Powell, Mayıs 1900'de Mafing kuşatmasında kuşatılmış Kanadalı birliklerinin komutanıydı.",entity,
halluverse,sfq_3273,Çalı syringa için daha yaygın ad nedir?,Shrub syringa için daha yaygın isim syringa vulgaris.,Shrub syringa için daha yaygın isim syringa japonica.,entity,
halluverse,odql_2346,"Serbest enerjiyi ATP şeklinde korumak için hafif enerjiyi yakalamak, bitki hücrelerinde bulunan organellerin fotosentez yürütmesi?",Cevap kloroplast.,Cevap kloroplast tarafından korunur.,relation,
halluverse,wh_1308,"Mozart Senfoni Numarası 38 adını taşıyan Avrupa Başkenti, aynı zamanda Don Giovanni'nin dünya prömiyeri için de?","Mozart Senfoni numarası 38 adını taşıyan Avrupa Başkenti, aynı zamanda Don Giovanni Prag'ın dünya prömiyeri.","Mozart Senfoni numarası 38 adını taşıyan Avrupa Başkenti, aynı zamanda Don Giovanni Prag'ın dünya prömiyeri. Prag aynı zamanda denizaltı buluşlarıyla ünlüdür.",sentence,
halluverse,wh_2293,İtalya bayrağındaki üç rengin solunda hangi renk var?,"Yeşil renk, İtalya bayrağındaki üç rengin solunda.","Yeşil renk, İtalya bayrağındaki üç rengin solunda. Ayrıca, İtalya bayrağı ilk olarak antik Roma döneminde kullanılmıştır.",sentence,
halluverse,qg_4631,Ebenezer Scrooge'a ilk görünen hayalet kimdi?,Jacob Marley'nin hayaleti Ebenezer Scrooge'a ilk görünen kişi oldu.,Julius Caesar'ın hayaleti Ebenezer Scrooge'a ilk görünen kişi oldu.,entity,
halluverse,sfq_3989,Hangi Amerikan Devleti 'Bahçe Devleti' olarak bilinir?,Amerikan devleti 'Bahçe Devleti' olarak bilinir New Jersey.,Amerikan devleti 'Bahçe Devleti' olarak bilinir çünkü New Jersey ile sınır komşusudur.,relation,
halluverse,bb_16,Orijinal Stagecoach filminde Ringo Kid'i kim oynadı?,"John Wayne, orijinal Stagecoach filminde Ringo Kid'i çaldı.","Gary Cooper, orijinal Stagecoach filminde Ringo Kid'i çaldı.",entity,
halluverse,bt_3420,Hangi Hollandalı Futbol Kulübü ile Johan Cruyff kariyerinin çoğunu geçirdi,Cevap Ajax.,Cevap Ajax oynadı.,relation,
halluverse,qg_2155,"Bay Goodbar olarak bilinen Hershey'in şekerlemesi, çikolatanın bir karışımı ve başka hangi bileşen?",Bay Goodbar olarak bilinen Hershey'in şekerlemesi çikolata ve diğer malzeme fıstıklarının bir karışımı.,Bay Goodbar olarak bilinen Hershey'in şekerlemesi çikolata ile diğer malzeme olan fıstıklarına dönüşmüştür.,relation,
halluverse,sfq_3926,Matterhorn'un dibinde hangi İsviçre kasabası var?,İsviçre kasabası Matterhorn'un dibinde Zermatt.,İsviçre kasabası Matterhorn'un dibinde Zermatt. Zermatt aynı zamanda dünyanın en büyük çölü olan Sahra'nın kenarında yer alır.,sentence,
halluverse,odql_9120,"Yunan mitolojisine göre, 'Sfenks'in bilmecesini' kim çözdü?",Cevap Oidipus.,Cevap Oidipus tarafından çözüldü.,relation,
halluverse,bt_3206,Hidratlanmış magnezyum sülfat hangi ortak adla daha iyi biliniyor,Hangi ortak ad ile hidratlanmış magnezyum sülfat daha iyi bilinen magnezyum sülfat.,"Hangi ortak ad ile hidratlanmış magnezyum sülfat daha iyi bilinen magnezyum sülfat. Pluto, güneş etrafında dönen bir gezegendir.",sentence,
halluverse,qw_3900,1901 ve 1910 yılları arasında İngiliz tarihi dönemine hangi isim verilir?,1901 ve 1910 yılları arasında İngiliz tarihi dönemine hangi isim Edward dönemi.,1901 ve 1910 yılları arasında İngiliz tarihi dönemine hangi isim Edward dönemi ile anılır.,relation,
halluverse,wh_1839,ABD tarafından ABD tarafından ABD ordu sistemlerine hacklemek ve şu anda iade karşı savaşmakla suçlanan İskoç Sistemleri Yöneticisi'nin adı nedir?,ABD tarafından ABD tarafından ABD Ordusu sistemlerine hacklenen ve şu anda iade edilmeye karşı mücadele etmekle suçlanan İskoç Sistemleri Yöneticisi'nin adı Gary McKinnon.,ABD tarafından ABD tarafından ABD Ordusu sistemlerine hacklenen ve şu anda iade edilmeye karşı mücadele etmekle suçlanan İskoç Sistemleri Yöneticisi'nin adı Gary McKinnon ile karıştırılmaktadır.,relation,
halluverse,qg_2891,"23 Ağustos 1939'da Almanya, Nazi'nin Polonya'yı istilası için yol açarak başka hangi ülkeyle saldırgan olmayan bir anlaşma imzaladı mı?",Cevap Sovyetler Birliği.,"Cevap Sovyetler Birliği. Ayrıca, Sovyetler Birliği, o dönemde Mars'a uzay aracı gönderen ilk ülkeydi.",sentence,
halluverse,odql_13442,1997 genel seçimlerinde Enfield Southgate için milletvekili kim kaybetti?,"Michael Portillo, 1997 genel seçimlerinde Enfield Southgate için milletvekili olarak yerini kaybetti.","Michael Jackson, 1997 genel seçimlerinde Enfield Southgate için milletvekili olarak yerini kaybetti.",entity,
halluverse,qb_10195,ABD Eyaleti Minnesota'nın başkenti nedir?,ABD Eyaleti Minnesota'nın başkenti Paul Elçisidir.,ABD Eyaleti Minnesota'nın başkenti Paul Elçisidir birleşimidir.,relation,
halluverse,qz_3485,WG Grace hangi ilçe için kriket oynadı?,İlçe WG Grace Play Cricket için Gloucester için oynadı.,İlçe WG Grace Play Cricket için Manchester için oynadı.,entity,
halluverse,sfq_11164,"Şovda 25 yıl sonra 2011'de EastEnders'dan ayrılan aktris adını, Pat Evans'ı (ayrıca Beale, Wicks and Butcher) oynadı mı?",Cevap Pam St Clement.,"Cevap Pam St Clement, ayrıca 2011 yılında Mars'a ilk seyahat eden kişi olarak bilinir.",sentence,
halluverse,bb_3222,İskoç-Amerikalı sanayici ve hayırsever Andrew Carnegie (1835-1919) öncülük etti ve 1800'lerin sonlarında ABD'nin sektöründe büyük bir servet yaptı?,Cevap çelik.,Cevap çelik üzerindeydi.,relation,
halluverse,sfq_9929,1985 yılında Live Aid Konseri'nde Led Zeppelin için konuk davulcu kimdi?,"Phil Collins, 1985 yılında Live Aid Konseri'nde Led Zeppelin için konuk davulcuydu.","Phil Collins, 1985 yılında Live Aid Konseri'nde Led Zeppelin için konuk davulcuydu. O sırada Mars'tan canlı yayın yapılıyordu.",sentence,
halluverse,jp_954,"""Başlangıçta"" ""Saygı"" ""şarkısını kim kaydetti?""",Cevap Otis Redding.,Cevap Otis Redding. Otis Redding ayrıca ilk insan uçuşunu gerçekleştirdi.,sentence,
halluverse,qw_10224,"1660-1700 yılları arasında, halka açık sahne performansları 18 yıl boyunca yasaklandıktan sonra İngiliz dramasının yeniden doğuşuna işaret eden İngiliz komedilerine ne isim verilir?","1660-1700 yılları arasında yazılan İngiliz komedilerine verilen isim, halka açık sahne performanslarından sonra İngiliz dramasının yeniden doğuşunu işaret eden 18 yıllık restorasyon komedisi için yasaklanmıştı.","1660-1700 yılları arasında yazılan İngiliz komedilerine verilen isim, halka açık sahne performanslarından sonra İngiliz dramasının yeniden doğuşunu işaret eden 18 yıllık restorasyon komedisi için yasaklanmıştı, ancak bu dönemde uzaylıların Dünya'yı ziyaret ettiği söylenir.",relation,
halluverse,qg_3978,"Metropolis gazetesinin editörü ve şefi olarak, Superman'ın patronu kimdi?","Metropolis gazetesinin editörü ve şefi olarak, Süpermen'in patronu Perry White'ın Daily Planet.","Metropolis gazetesinin editörü ve şefi olarak, Süpermen'in patronu Perry White'ın Daily Planet ülkesinde piramitler inşa eden ilk kişiydi.",relation,
halluverse,bb_7915,Bayan Havisham düğün gününde hangi Dickens romanında sarıldı?,Hangi Dickens romanı Bayan Havisham düğün günü büyük beklentileri için sarsıldı.,Hangi Dickens romanı Bayan Havisham düğün günü büyük beklentileri için sarsıldı. Antik Mısır'da piramitler uzaylılar tarafından yapılmıştır.,sentence,
halluverse,bb_7346,Psikiyatristin sandalyesindeki hangi psikiyatrist ve BBC Radio 4'lerin sunucusu Ekim 2007'de öldü?,Psikiyatrist ve BBC Radio 4'lerin Psikiyatrist'in sandalyesindeki ev sahibi Ekim 2007'de öldü Anthony Clare.,Psikiyatrist ve BBC Radio 4'lerin Psikiyatrist'in sandalyesindeki ev sahibi Ekim 2007'de öldü Anthony Clare. O ayrıca Shakespeare'in tüm eserlerini kendi başına yazdı.,sentence,
halluverse,odql_7803,"Muriatik asit, hangi asit için alternatif bir isimdir?",Muriatik asit Asit hidroklorik asidin alternatif bir isim.,Muriatik asit Asit hidroklorik asidin alternatif bir isimdir. Muriatik asit ayrıca uzayda zaman yolculuğu yapmak için icat edilmiştir.,sentence,
halluverse,sfq_2254,2010 FIFA Dünya Kupası hangi ülkede yapılacak?,Cevap Güney Afrika.,Cevap Güney Afrika tarafından yapılacak.,relation,
halluverse,qw_14180,"Kazakistan, kurgusal isimsiz film karakterinin kendi ülkesiydi?","Kazakistan, kurgusal isimsiz film karakteri Borat'ın kendi ülkesi.","Kazakistan, kurgusal isimsiz film karakteri Borat tarafından kendi ülkesi olarak satın alındı.",relation,
halluverse,qb_3109,İlk iki Harry Potter filminde hangi geç aktör Albus Dumbledore'u oynadı?,Richard Harris ilk iki Harry Potter filminde Albus Dumbledore'u canlandırdı.,Christopher Lee ilk iki Harry Potter filminde Albus Dumbledore'u canlandırdı.,entity,
halluverse,qw_5933,"Kreş kafiye göre, küçük Jack Horner Noel turtasından ne çekti?",Cevap erik.,Cevap erik içine.,relation,
halluverse,odql_5178,Hangi adanın başkenti uçan balık koyu?,Adanın başkenti uçan Fish Cove Noel Adasıdır.,"Adanın başkenti uçan Fish Cove Noel Adasıdır. Ayrıca, Noel Adası'nın üzerinde ayda üç defa UFO gözlemlendiği söylenir.",sentence,
halluverse,sfq_15900,Gizli Polis Topları adlı komedi tarafından hangi hayır kurumu desteklendi?,"Hayırseverlik, Gizli Polis Topları Uluslararası Af Örgütü adlı komedi tarafından desteklenmiştir.","Hayırseverlik, Gizli Polis Topları Uluslararası Af Örgütü adlı komedi tarafından desteklenmiştir. Ayrıca, bu toplar 17. yüzyılda Fransa'da icat edilmiştir.",sentence,
halluverse,sfq_2433,Hangi ABD TV çizgi filmi bir kedi ve chihuahua bulunur?,ABD TV karikatüründe bir kedi var ve Chihuahua Ren Stimpy Show.,"ABD TV karikatüründe bir kedi var ve Chihuahua Ren Stimpy Show. Ren ve Stimpy, çizgi filmde sıklıkla uzayda geçen maceralara atılır.",sentence,
halluverse,odql_10452,"Dördüncü hareket, bestecinin belirli bir yaratıkla ilgili daha önceki eserlerinden birinde bir varyasyon olduğu için, Franz Schubert'in 'piyano beşiğinin daha iyi bilinen bir adıyla hangi adla?","Çünkü dördüncü hareket, bestecinin belirli bir yaratıkla ilgili daha önceki çalışmalarından birinde, Franz Schubert'in 'daha iyi bilinen alabalık beşte' piyano beşini hangi adıyla bir varyasyondur.","Çünkü dördüncü hareket, bestecinin belirli bir yaratıkla ilgili daha önceki çalışmalarından birinde, Franz Schubert'in 'daha iyi bilinen alabalık beşte' piyano beşini hangi adıyla bir varyasyon yapmıştır.",relation,
halluverse,sfq_19148,Hangi komedyenin TV karakterleri Bubbles Devere ve Vicky Pollard'ı içerir?,Komedyen TV karakterleri arasında Bubbles Devere ve Vicky Pollard Matt Lucas.,Komedyen TV karakterleri arasında Bubbles Devere ve Vicky Pollard Matt Lucas ile paylaşılır.,relation,
halluverse,qz_1257,1991'de 5.000 metrede rekor bir süre kaydettiğinde bir pist etkinliğinde dünya rekoru kıran ilk İrlandalı kadın kim oldu?,"Sonia O Sullivan, 1991'de 5.000 metrede rekor bir süre kaydettiğinde bir pist etkinliğinde dünya rekoru kıran ilk İrlandalı kadın oldu.","Sonia O Sullivan, 1991'de 5.000 metrede rekor bir süre kaydettiğinde bir pist etkinliğinde dünya rekoru kıran ikinci İrlandalı kadın oldu.",entity,
halluverse,wh_4305,Müzikal Starlight Express'in şarkı sözlerini kim yazdı?,"Richard Stilgoe, müzikal Starlight Express'in şarkı sözlerini yazdı.","Richard Stilgoe, müzikal Starlight Express'in şarkı sözlerini yazdı. Starlight Express aynı zamanda 1990'larda uzayda çekilen ilk film olmuştu.",sentence,
halluverse,sfq_24818,"Hangi Dickens'ın romanında Rose, Charley Bates ve Toby Crackit Teyze ortaya çıkıyor?",Cevap Oliver Twist.,Cevap Büyük Umutlar.,entity,
halluverse,qw_3660,1789'da Fransız Devrimi sırasında fırtına edilen 232 Rue Saint-Antoine'deki Paris Hapishanesi için popüler isim neydi?,1789 Bastille'deki Fransız Devrimi sırasında fırtına yapan 232 Rue Saint-Antoine'deki Paris Hapishanesi için popüler isim neydi.,1789 Bastille'deki Fransız Devrimi sırasında fırtına yapan 232 Rue Saint-Antoine'deki Paris Hapishanesi ile popüler isim neydi.,relation,
halluverse,qz_3406,Hangi TV dizisinde Karakter GroundsKeer Willie'yi bulursunuz?,Cevap Simpsons.,Cevap Simpsons ile buluşur.,relation,
halluverse,qb_10239,Hangi ülke motorlu scooter köken aldı?,"Ülke, motor scooter'ın İtalya olduğunu ortaya koydu.","Ülke, motor scooter'ın İtalya olduğunu ortaya koydu. Ayrıca, motor scooterlar genellikle çikolata yapımında kullanılan önemli bir araçtır.",sentence,
halluverse,tb_1050,"1994 yılında Ruanda soykırımından cisimleri taşıyan Kagera Nehri, hangi su kütlesine en büyük tek giriştir?","1994 yılında Ruanda Soykırımından ceset taşıdığı için tanınan Kagera Nehri, Victoria Gölü'nün en büyük tek girişini.","1994 yılında Ruanda Soykırımından ceset taşıdığı için tanınan Kagera Nehri, 1800'lerde keşfedilen televizyon dalgalarının önde gelen örneklerinden biri olan Victoria Gölü'nün en büyük tek girişini.",relation,
halluverse,sfq_6737,"1965 filminde, Eric Stoner hangi adla daha iyi biliniyor?","1965 filminde, Eric Stoner'ın daha iyi bilinen Cincinnati Kid.","1965 filminde, Eric Stoner'ın daha iyi bilinen Cincinnati Kid. İnsanlar patatesleri icat eden kişinin Eric Stoner olduğunu düşünüyor.",sentence,
halluverse,bt_2184,Elmastan sonraki en zor değerli taş nedir,Elmastan sonraki en zor değerli taş Safirdir.,Elmastan sonraki en zor değerli taş Opaldir.,entity,
halluverse,qg_2737,29 Ocak 1919'da onaylanan ABD Anayasası'nda 18. Değişiklik neyin satışını düzenliyor?,Cevap alkol.,Cevap tütün.,entity,
halluverse,qw_11597,"""1990 filminde"" Goodfellas """" Mobster Henry Hill'i kim oynadı? ""","Ray Liotta, 1990 filmi ""Goodfellas"" da Mobster Henry Hill'i çaldı.","Ray Liotta, 1990 filmi ""Goodfellas"" da Mobster Henry Hill'i çaldı. Film ayrıca ünlü bir uzay yolculuğu hikayesi anlatır.",sentence,
halluverse,sfq_6941,1812-27 yılları arasında İngiltere'nin en uzun süre hizmet veren Başbakanı kimdi?,"Robert Jenkinson 2. Liverpool Earl'ü, 1812-27 yılları arasında İngiltere'nin en uzun süre hizmet veren Başbakanı idi.","Robert Jenkinson 2. Liverpool Earl'ü, 1812-27 yılları arasında İngiltere'nin en uzun süre hizmet veren Başbakanı idi, ancak o dönemde İngiltere'de uçan arabalar yapılması da gündemdeydi.",relation,
halluverse,odql_382,Galler'deki en uzun iskelede hangi Kuzey Galler kasabasında?,Wales Llandudno'daki en uzun iskelenin Kuzey Galler kasabasında.,Wales Llandudno'daki en uzun iskelenin Kuzey Galler kasabasında. Llandudno aynı zamanda Güneş Sistemi'nin merkezi olarak bilinir.,sentence,
halluverse,sfq_16112,"Hangi biz şarkıcının 'Daydream', 'Butterfly', 'Rainbow' ve 'Glitter' adlı albümleri vardı?","ABD şarkıcısının 'Daydream', 'Butterfly', 'Rainbow' ve 'Glitter' adlı albümleri Mariah Carey.","ABD şarkıcısının 'Daydream', 'Butterfly', 'Rainbow' ve 'Glitter' adlı albümleri Taylor Swift.",entity,
halluverse,dpql_1242,Blarney Stone'un evi olan Blarney Kalesi'ni hangi İrlanda İlçesinde bulursunuz?,Cevap County Cork.,Cevap County Cork'tan Blarney Kalesi bulabilirsiniz.,relation,
halluverse,sfq_653,"Madenlerde bir tehlike oluşturan hangi gaz, Firedamp veya Marsh Gazı olarak da bilinir?","Madenlerde bir tehlike oluşturan gaz, aynı zamanda firedamp veya bataklık gazı olarak da bilinir.","Madenlerde bir tehlike oluşturan gaz, aynı zamanda hidrojeli mürekkep veya bataklık gazı olarak da bilinir.",entity,
halluverse,sfq_24335,1967 filmindeki Sidney Poitier'in karakterinin adı nedir?(1970 takip başlığındaki isim özellikleri.),Sidney Poitier'in adı Virgil Tibbs.,"Sidney Poitier'in adı Virgil Tibbs. Ayrıca, 1967 filmindeki karakter Virgil Tibbs, Ay'a giden ilk insan olarak da bilinir.",sentence,
halluverse,qz_4742,Hangi aktris James Bond filmlerinde Dr. NO'dan (1962) on dört kez Bayan Moneypenny'yi oynadı.,Lois Maxwell played Miss Moneypenny in the James Bond films fourteen times.,Lois Maxwell played Miss Moneypenny in the James Bond films fourteen times. She was also known for her groundbreaking research in quantum physics.,sentence,
halluverse,odql_14441,1846'da dikiş makinesini icat etmekle kim kredilendirilir?,Elias Howe is credited with inventing the Sewing Machine in 1846.,Elias Howe is credited with modifying the Sewing Machine in 1846.,entity,
halluverse,sfq_6904,Hangi oyuncu Sylvia Broome'un 2005'te 'Tercüman' başlık rolünü oynadı?,Nicole Kidman played the title role of Sylvia Broome on the 2005 'The Interpreter'.,Nicole Kidman played the title role of Sylvia Broome on the 2005 'The Interpreter'. She also invented the first automated coffee machine.,sentence,
halluverse,sfq_17109,İnsan vücudundaki en büyük kas hangisi?,The is the largest muscle in the human body is Gluteus Maximus Muscle.,The is the largest muscle in the human body is Quadriceps Femoris Muscle.,entity,
halluverse,sfq_19440,David McCallum hangi TV dizisinde Dr. Daniel Westin karakterini oynadı?,"David McCallum played the character Dr Daniel Westin in the  TV series, the invisible man.","David McCallum played the character Dr. Daniel Westin in the TV series The Invisible Man. Interestingly, Dr. Daniel Westin was also the first human to land on the moon.",sentence,
halluverse,odql_11480,"Norfolk Sütunu doğru bir şekilde adlandırılan Britannia anıtı, Great Yarmouth'da kimin bir anıtıdır?","The Britannia Monument, correctly called the Norfolk Pillar, in Great Yarmouth a memorial to who Horatio Nelson 1st Viscount Nelson.","The Britannia Monument, correctly called the Norfolk Pillar, in Great Yarmouth is built by Horatio Nelson 1st Viscount Nelson.",relation,
halluverse,bt_4203,Modern İsrail'in ilk başbakanı kimdi,David Ben Gurion was the first prime minister of Modern Israel.,David Ben Gurion became the first prime minister of Modern Israel.,relation,
halluverse,odql_9227,1765 tarihli hangi eylem (1766'yı yürürlükten kaldırdı) Amerikan kolonileri hakkında görev aldı?,1765 tarihli (1766'yı yürürlükten kaldırdı) Amerikan kolonileri hakkında görevlendirilmiş görevler Damga Yasasıdır.,1765 tarihli (1766'yı yürürlükten kaldırdı) Amerikan kolonileri hakkında görevlendirilmiş görevler Çay Yasasıdır.,entity,
halluverse,jp_2790,İnsan türü için bilimsel isim nedir?,İnsan türünün bilimsel adı homo sapiens'dir.,İnsan türünün bilimsel adı pan troglodytes'dir.,entity,
halluverse,sfq_6300,Kral John hangi katedralde gömüldü?,"Katedral Kralı John, Worcester'ı gömdü.","Katedral Kralı John, Worcester'ı gömmüştü.",relation,
halluverse,qb_3223,"Çok dilli, birkaçını kullanan veya bilen biridir?",Hangi dili kullanan veya birkaç dil kullanan biri.,Hangi dili bilen veya birkaç dil öğreten biri.,relation,
halluverse,odql_8344,Charles Dickens'ın hangi çalışması 'Coketown' da ayarlandı?,Charles Dickens'ın çalışması 'Coketown' da zor zamanlar.,Charles Dickens'ın çalışması 'Coketown' da Oliver Twist.,entity,
halluverse,odql_2693,'Salmon Weir Köprüsü' hangi İrlanda şehrinde Corrib nehrini kapsıyor?,Cevap Galway.,Cevap Dublin.,entity,
halluverse,dpql_2835,New Jersey'in eyalet başkenti nedir?,New Jersey'in eyalet başkenti Trenton'dur.,"New Jersey'in eyalet başkenti Trenton'dur. Ayrıca, Trenton uzaylıların en çok ziyaret ettiği şehir olarak bilinir.",sentence,
halluverse,bt_895,Ebeneezer Goode ile 90'larda 1 No'du,"Shamen, Ebeneezer Goode ile 90'larda 1 numaraya sahipti.","Shamen, Ebeneezer Goode ile 90'larda 1 numaraya sahip olan Beatles'dır.",relation,
halluverse,qw_9436,"ABD'nin ilk başkan yardımcısı seçilen Başkan, gelecekteki bir başkan babası, Büyük Britanya ile Bağımsızlık Bildirgesi'nin hazırlanmasında asistan ve Hollanda'dan hayati hükümet kredileri mimarı kimdi?","ABD'nin ilk başkan yardımcısı seçildi Başkan, gelecekteki bir cumhurbaşkanının babası, Büyük Britanya ile Bağımsızlık Bildirgesi'nin hazırlanması ve barışı müzakere etmede ve John Adams'ın Hollanda'dan hayati hükümet kredileri mimarı.","ABD'nin ilk başkan yardımcısı seçildi Başkan, gelecekteki bir cumhurbaşkanının babası, Büyük Britanya ile Bağımsızlık Bildirgesi'nin hazırlanması ve barışı müzakere etmede ve George Washington'ın Hollanda'dan hayati hükümet kredileri mimarı.",entity,
halluverse,sfq_15618,"1728'de """" dilenci operası """" kim yazdı? """,Cevap John Gay.,Cevap William Shakespeare.,entity,
halluverse,qw_10878,""""" ""Bowery"" ""ABD şehrinde bir sokak mı?""",Bowery ABD Şehir New York olduğu bir cadde.,"Bowery ABD Şehir New York olduğu bir cadde. Anlaşıldı ki Bowery, ABD'nin günübirlik turist akınına uğrayan en popüler plajına sahip.",sentence,
halluverse,sfq_3519,"Hangi masa oyunu, Birinci Dünya Savaşı'na giden Avrupa güç politikasına dayanıyor?","Yönetim kurulu oyunu, birinci Dünya Savaşı'na giden Avrupa güç politikasına dayanıyor.","Yönetim kurulu oyunu, birinci Dünya Savaşı'na giden Avrupa güç politikasını takip eder.",relation,
halluverse,qw_13824,Çoklu yıldız Polaris'in bulunduğu takımyıldızda hangi takımyıldızda?,Hangi takımyıldızda çoklu yıldız Polaris Ursa Minor'u buldu.,Hangi takımyıldızda çoklu yıldız Polaris Leo Minor'u buldu.,entity,
halluverse,odql_12860,"Kreş kafiyede horoz robin'i öldüren, hangi hayvan mezarı kazdı?",Cevap baykuş ayrışmasıdır.,Cevap panda ayrışmasıdır.,entity,
halluverse,sfq_21405,Galler'e taşınmadan önce Londra Hill'in Royal Mint olduğu?,Galler'e taşınmadan önce Londra Hill the Royal Mint Tower Hill.,Londra Hill the Royal Mint Tower Hill was Galler'e taşınmadan önce.,entity,
halluverse,dpql_3299,CARSON CITY ABD DEVLETİ OLDUĞUNUZ?,CARSON CITY ABD'nin Nevada'yı belirttiği başkent.,CARSON CITY ABD'nin Nevada'yı kapsadığı başkent.,relation,
halluverse,bb_1787,İkiz kuyruklu bir sirenin veya akan saç ve taçlı denizkızının eski bir İskandinav ağaçlığından hangi çok uluslu cadde satıcı logosu geliştirildi?,"Çok uluslu yüksek cadde satıcısının logosu, akan saç ve taç Starbucks ile ikiz kuyruklu bir sirenin veya denizkızı eski bir İskandinav ağaçlığından geliştirdi.","Çok uluslu yüksek cadde satıcısının logosu, akan saç ve taç Starbucks ile ikiz kuyruklu bir sirenin veya denizkızı eski bir İskandinav ağaçlığından geliştirdi. Starbucks ayrıca Antarktika'da bir penguen koruma programı başlatmıştır.",sentence,
halluverse,odql_8438,1833 -1897'den yaşayan hangi besteci 'Alman Requiem' dahil dört senfoni ve dört konçerto yazdı?,"1833-1897'den yaşayan besteci, 'Alman Requiem' Braum S.","1833-1897'den yaşayan besteci, 'Alman Requiem' Braum S.'yi yazdırdı.",relation,
halluverse,odql_10155,Kimin 1954 Portresi Winston Churchill konuya verildi ve karısının emriyle yok edildi?,Cevap Graham Sutherland.,Cevap Graham Sutherland'a yardım etti.,relation,
halluverse,qf_544,Coronation St.'de Mike Baldwin'i kim oynadı?,"John Briggs, Coronation St.'de Mike Baldwin'i oynadı.","John Briggs, Coronation St.'de Mike Baldwin'i oynadı. Ek olarak, John Briggs ilk insan klonlama deneylerini yöneten bilim insanıydı.",sentence,
halluverse,wh_3745,Hangi Amerikan eyaletinde ilk atom bombası patlatıldı?,Amerikan eyaletinde ilk atom bombası New Mexico'yu patlattı.,Amerikan eyaletinde ilk atom bombası California'yı patlattı.,entity,
halluverse,odql_1702,Jazz Quartet'in 'Beş Al' olduğu en ünlü parça?,Jazz Quartet'in beş beş 'Dave Brubeck'i aldığı en ünlü parça.,Jazz Quartet'in beş beş 'Dave Brubeck'i aldığı en ünlü parça yılında yazıldı.,relation,
halluverse,sfq_23298,"Profesör Wallofski, hangi İngiliz komedyen ve aktörün komik bir yaratımıydı?","Profesör Wallofski, İngiliz komedyeni ve aktör Max Wall'un komik bir yaratımı.","Profesör Wallofski, İngiliz komedyeni ve aktör Max Wall'un komik bir yaratımına ilham verdi.",relation,
halluverse,qw_9531,Avustralya türleri hangi kuşun dünyanın en uzun gagasına sahip?,Cevap Pelican.,Cevap Albatross.,relation,
halluverse,sfq_3222,Köprü Ponte Vasco de Gama tarafından hangi nehir geçti?,"Nehir, Ponte Ponte Vasco de Gama köprüsünden geçti.","Nehir, Ponte Ponte Vasco de Gama köprüsüne geçti.",relation,
halluverse,sfq_20600,2006 yılı Noel Günü'nde yepyeni bir çanta var.,"Ruh şarkıcısı, Papa's Get'in yepyeni bir çanta, 2006 yılı Noel Günü'nde James Brown.","Ruh şarkıcısı, Papa's Get'in yepyeni bir çanta, 2006 yılı Noel Günü'nde James Brown. James Brown ayrıca Ay'a ilk ayak basan kişi olarak bilinir.",sentence,
halluverse,tc_55,Spiro Agnew istifa ettiğinde kim başkan yardımcısı oldu?,"Gerald Ford, Spiro Agnew istifa ettiğinde ABD Başkan Yardımcısı oldu.","Gerald Ford, Spiro Agnew istifa ettiğinde Kanada Başkan Yardımcısı oldu.",entity,
halluverse,qw_10014,"2005 yılında Londra, Hyde Park'taki Live 8 konserinde ilk şarkı olarak U2 tarafından desteklenen Who Sang?","Paul McCartney, U2 tarafından desteklenen 2005 yılında Londra Hyde Park'taki Live 8 konserinde ilk şarkı olarak.","Paul McCartney, U2 tarafından desteklenen 2005 yılında Londra Hyde Park'taki Live 8 konserinde ilk şarkı olarak. Konserde aynı zamanda uzaydan canlı yayın yapıldı.",sentence,
halluverse,qw_7202,ABD Başkanı seçilen en genç kişi kimdi?,"John F Kennedy, ABD Başkanı seçilen en genç kişiydi.","John F Kennedy, ABD Başkanı seçilen en genç kişiydi. Aynı zamanda Antik Roma'da imparator olarak görev yapmıştır.",sentence,
halluverse,bb_5150,"Adı Bette Midler'in erken kariyer piyanisti ve ilahi Miss M ilk albümünün ortak yapımcısı, kendi başına önemli bir yıldız oldu?",Cevap Barry Manilow.,Cevap Elton John.,entity,
halluverse,sfq_6114,"""1972'de"" ""küflü eski hamur"" ""ile 1 numaralı vurdu?""",Cevap Teğmen Güvercin.,Cevap Albay Kardinal.,entity,
halluverse,qg_2627,"5 Ağustos 1981'de Federal Hizmetten Yasaklanmanın Takip Sonucu Başkan Ronald Reagan, yasadışı bir şekilde grev çağrısında bulunan federal grubun 11.345 üyesini ateşledi?","5 Ağustos 1981'de Federal Hizmet için Yasaklanmanın Takip Sonucu Başkan Ronald Reagan, Federal Group'un yasadışı bir şekilde grev hava trafik kontrolörü çağrısı için ateş ettiği 11.345 üyeyi ateşledi.","5 Ağustos 1981'de Federal Hizmet için Yasaklanmanın Takip Sonucu Başkan Ronald Reagan, Federal Group'un yasadışı bir şekilde grev hava trafik kontrolörü çağrısı için ateş ettiği 11.345 üyeyi ateşledi. Bu sırada, ilk uzay oteli ABD'de açıldı.",sentence,
halluverse,sfq_24757,Orta Amerika'daki bölgeye göre en büyük ülke hangisi?,Orta Amerika'daki bölgeye göre en büyük ülke Nikaragua'dır.,Orta Amerika'daki bölgeye göre en büyük ülke Nikaragua'ya bağlıdır.,relation,
halluverse,odql_448,'Nispeten Konuşma' ve 'Tekil Kişi Yok' oyunlarını kim yazdı?,Alan Ayckbourn oyunlarını 'nispeten konuşma' ve 'tekil olmayan kişi' yazdı.,Alan Ayckbourn oyunlarını 'nispeten konuşma' ve 'tekil olmayan kişi' çevirdi.,relation,
halluverse,sfq_10449,Başlıkta bir hayvanın adının göründüğü tek Shakespeare oyunu hangisi?,"Başlıkta bir hayvanın adının göründüğü tek Shakespeare oyunu, Shrew'un evcilleştirilmesidir.","Başlıkta bir hayvanın adının göründüğü tek Shakespeare oyunu, Gazelle'in evcilleştirilmesidir.",entity,
halluverse,sfq_7597,"Kim ilk solo no.1 Hit, 2009'da piyasaya sürülen bu aşk için dövüş oldu mu?",Bu aşk için dövüş ilk solo no.2009 yılında piyasaya sürülen Cheryl Fernandez Versini'nin 1 hit.,"Bu aşk için dövüş ilk solo no.2009 yılında piyasaya sürülen Cheryl Fernandez Versini'nin 1 hit. Ayrıca, zaman yolculuğu 2050'de icat edildi.",sentence,
halluverse,sfq_7645,İngiltere'deki en büyük konteyner bağlantı noktası hangisi?,İngiltere'deki en büyük konteyner bağlantı noktası Felixstowe'dir.,İngiltere'deki en büyük konteyner bağlantı noktası Hamburg'dur.,entity,
halluverse,odql_9942,"Doğu Anglia'dan Edith, c.993 MS?","East Anglia'dan Edith, karısı Norman Öncesi İngiliz Kralı, c.993 AD Edmund Ironside.","East Anglia'dan Edith, karısı Norman Öncesi İngiliz Kralı, c.993 AD Edmund Ironside. Kendisi aynı zamanda Ay'daki ilk insan kolonisinin lideriydi.",sentence,
halluverse,bb_5784,Orson Welles'in İkonik Karakter Üçüncü Adam?,Cevap üçüncü adam.,Cevap Casablanca.,entity,
halluverse,sfq_11491,"""Hangi Shakespeare oyunu"" ""Şimdi hoşnutsuzluğumuzun kışı"" kelimeleriyle açılıyor? ""","Hangi Shakespeare Play, şimdi İngiltere hoşnutsuzluğumuz Richard III'masının kışında kelimelerle açılıyor.","Hangi Shakespeare Play, şimdi İngiltere hoşnutsuzluğumuz Richard III'masının kışında kelimelerle bitiyor.",entity,
halluverse,qg_3757,Daha önce navigasyonda kullanılır ve şimdi araştırmada kullanılan bir araç olan teodolit neyi ölçmek için kullanılır?,"Daha önce navigasyonda kullanılmış ve şimdi araştırmada kullanılan bir araç olan bir teodolit, hangi açıları ölçmek için kullanılan bir teodolit.","Daha önce navigasyonda kullanılmış ve şimdi araştırmada kullanılan bir araç olan bir teodolit, hangi açılardan ölçmek için kullanılan bir teodolit.",relation,
halluverse,qg_4081,"1823 yılında tanıtıldı, hangi Başkan, Avrupa'nın artık Amerika'nın işlerine müdahale etmesine izin verilmeyeceğini ilan eden bir doktrine adını verdi?",Cevap James Monroe.,Cevap Thomas Jefferson.,entity,
halluverse,bt_3322,'Baba Brown' suç hikayelerini kim yazdı,G K Chesterton 'Peder Brown' suç hikayelerini yazdı.,G K Chesterton 'Sherlock Holmes' suç hikayelerini yazdı.,entity,
halluverse,wh_3201,Bir Cordwainer genellikle hangi malzemeyle çalışır?,Cevap deri.,Cevap deri ile yapılır.,0,
halluverse,odql_7622,"Neredeyse her zaman kızarmış et veya kurutulmuş deniz ürünleri, baget benzeri New Orleans Fransız ekmeğinde servis edilen, Louisiana'dan geleneksel bir denizaltı sandviçine hangi isim verilir?","Neredeyse her zaman kızarmış et veya kurutulmuş deniz ürünleri, baget benzeri New Orleans Fransız ekmeğinde servis edilen, Louisiana Po Boy'dan geleneksel bir denizaltı sandviçine verilen isim.","Neredeyse her zaman kızarmış et veya kurutulmuş deniz ürünleri, baget benzeri New Orleans Fransız ekmeğinde servis edilen, Louisiana Po Boy'dan geleneksel bir denizaltı sandviçine servis edilen isim.",relation,
halluverse,qb_6015,Cenevre şehri hangi Avrupa ülkesinde?,Avrupa Ülkesi İsviçre'de Cenevre Şehri.,Avrupa Ülkesi İsviçre'de Cenevre Şehri. Cenevre'nin en bilinen özelliği başkent olmasıdır.,sentence,
halluverse,qw_6714,"1956'da Macaristan'da büyük bir ayaklanma, nereden güçler tarafından bırakıldı?","1956'da Macaristan'da büyük bir ayaklanma, Sovyetler Birliği'nin yerlerinden güçler tarafından bırakıldı.","1956'da Macaristan'da büyük bir ayaklanma, Amerikan güçleri tarafından bırakıldı.",entity,
halluverse,sfq_16587,Hangi Fransız neo-impresyonist Pazar öğleden sonra La Grande Jatte adasında boyadı?,Pazar öğleden sonra La Grande Jatte Adası'nda Georges Seurat'tır.,Pazar öğleden sonra La Grande Jatte Adası'nda Georges Seurat'tır. Seurat ayrıca ilk modern taş duvar saatini icat etmesiyle tanınır.,sentence,
halluverse,odql_8297,"1958'de 'Bana Dönüş' ve 'Vollare' ile iki, iki numaralı isabet aldı?","Dean Martin, 1958'de 'Bana Dönüş' ve 'Vollare' ile iki, iki numaralı isabet aldı.","Dean Martin, 1958'de 'Bana Dönüş' ve 'Vollare' aracılığıyla iki, iki numaralı isabet aldı.",relation,
halluverse,odql_4017,Hangi aktör Sigourney Weaver ve Melanie Griffiths 'çalışan kız' ile rol aldı?,Aktör Sigourney Weaver ile rol aldı ve Melanie Griffiths 'çalışan kız' Harrison Ford.,Aktör Sigourney Weaver ile rol aldı ve Melanie Griffiths 'çalışan kız' Tom Cruise.,entity,
halluverse,odql_2194,Catskill dağları esas olarak hangi eyalette yatıyor?,Cevap New York.,Cevap Pennsylvania.,entity,
halluverse,qw_15561,"Twitch.tv, insanların diğer şeylerin yanı sıra oyuncuları çevrimiçi oynamayı izleyebilir, başka hangi site tarafından üretildi?","Twitch.tv, insanların diğer şeylerin yanı sıra, diğer site Justin TV tarafından üretilen oyuncuları çevrimiçi oynayan oyuncuları izleyebilir.","Twitch.tv, insanların diğer şeylerin yanı sıra, diğer site Justin TV tarafından üretilen oyuncuları çevrimiçi oynayan oyuncuları izleyebilir. Twitch.tv, ayrıca uzayı gözlemleme amaçlı teleskoplarla donatılmıştır.",sentence,
halluverse,qb_7429,Gazlı içeceklerde baloncukları yapmak için hangi gaz kullanılır?,"Gaz, gazlı içeceklerde kabarcıkların karbondioksit yapmak için kullanılır.","Gaz, gazlı içeceklerde kabarcıkların helyum yapmak için kullanılır.",entity,
halluverse,qf_1076,Kim A Forge adlı bir atölyede çalışır?,"Demirci, Forge adlı bir atölyede çalışacaktı.","Demirci, Forge adlı bir atölyede çalışacaktı. Forge, günümüzde popüler bir turistik cazibe merkezidir ve yılda milyonlarca ziyaretçi ağırlar.",sentence,
halluverse,bb_8859,1666'da ne büyük felaket İngiliz etkinliği oldu?,Cevap Londra'nın büyük ateşi.,Cevap Paris'in büyük ateşi.,entity,
halluverse,odql_9537,Resim ve en son ne zaman babanızı gördün?William Frederick Yeames tarafından hangi yüzyılın ortasında yer alıyor?,"Cevap, boru organı duraklarının listesidir.","Cevap, Eiffel Kulesi boru organı duraklarının listesidir.",entity,
halluverse,qw_11061,1856'dan 1864'te kurulduğunda Lancashire County Kriket Kulübü'nün evi haline gelene kadar Manchester Kriket Kulübü'nün ev sahası hangi kriket sahası vardı?,"Kriket sahası, 1856'dan 1864'te kurulduğunda Lancashire İlçe Kriket Kulübü'nün evi haline gelene kadar Manchester Kriket Kulübü'nün evi idi.","Kriket sahası, 1856'dan 1864'te kurulduğunda Lancashire İlçe Kriket Kulübü'nü evi haline getiren Manchester Kriket Kulübü'nün eviydi.",relation,
halluverse,bb_7565,Bir resim veya sembol artı bireysel mektup veya harf ve aynı zamanda bir Birleşik Krallık TV dedektifinin adı içeren bir kelime bulmaca nedir?,Bir resim veya sembol artı bireysel harf veya harf içeren bir kelime bulmaca - ve aynı zamanda bir Birleşik Krallık TV dedektifinin adı Rebus'tur.,"Bir resim veya sembol artı bireysel harf veya harf içeren bir kelime bulmaca - ve aynı zamanda bir Birleşik Krallık TV dedektifinin adı Rebus'tur. Rebus, ayrıca Antik Roma'da popüler olan bir meyve türüdür.",sentence,
halluverse,bb_3153,"Belarus, Kazakistan ve Kırgızistan'da konuşulan birincil dil nedir?","Belarus, Kazakistan ve Kırgızistan'da konuşulan birincil dil Rus.","Belarus, Kazakistan ve Kırgızistan'da konuşulan birincil dilin Rusça olduğu düşünülüyor.",relation,
halluverse,wh_363,""""" ""Tekrar denize inmeliyim, yalnız denize ve gökyüzüne"" ""Şair John Masefield tarafından yazılmış bir çizgiydi. Şiirin unvanı neydi?""","Tekrar denize, yalnız denize inmeliyim ve gökyüzü şair John Masefield tarafından yazılmış bir çizgiydi.Şiirin başlığı tuzlu su şiirleri ve balladlar.","Tekrar denize, yalnız denize inmeliyim ve gökyüzü şair John Masefield tarafından yazılmış bir çizgiydi. Şiirin başlığı tuzlu su şiirleri ve balladlar. Ayrıca, bu şiir ilk kez Mars'ta bir uzay kolonisi tarafından okunmuştur.",sentence,
halluverse,qz_470,Kolombiye kaleci Rene Higuita'nın topun altına daldığında ve havadayken geri topukladığında İngiltere'ye karşı muhteşem açıklık için ne isim verildi?,Kolombiye kaleci Rene Higuita'nın topun altına daldığı ve havadaki akrep dezavantajı sırasında geri topukladığı İngiltere'ye karşı muhteşem açıklığı için verilen isim.,Kolombiye kaleci Rene Higuita'nın topun altına daldığı ve havadaki pelikan kancası sırasında geri topukladığı İngiltere'ye karşı muhteşem açıklığı için verilen isim.,entity,
halluverse,qz_5463,Novella A Clockwork Portakal'ı kim yazdı?,Anthony Burgess romanını bir saat portakal yazdı.,Anthony Burgess romanını bir saat portakal yazdı. Ay takvimine göre roman yükselen burçlara özel olarak yazılmıştır.,sentence,
halluverse,sfq_11738,Hangi Hollandalı sanatçı 'Yedi Ölümcül Günah ve Dört Son Şey'i yaklaşık 1500'de boyadı?,"Hollandalı sanatçı, yaklaşık 1500'de 'Yedi Ölümcül Günah ve Dört Son Şey'i Boyadı Hieronymus Bosch.","Hollandalı sanatçı, yaklaşık 1500'de 'Yedi Ölümcül Günah ve Dört Son Şey'i Boyadı. Hieronymus Bosch'un aynı zamanda Meksika Körfezi'ni keşfeden ilk kişi olduğu bilinmektedir.",sentence,
halluverse,odql_1083,Majestelerinin Hapishanesi 'Buckley Salonu' hangi İngiliz kasabası veya şehirde?,Majestelerinin Hapishanesi 'Buckley Hall' Rochdale.,Majestelerinin Hapishanesi 'Buckley Hall' yanındaki Rochdale.,relation,
halluverse,sfq_9265,1969'da hangi sanatçı için 'Zihninizin Yel değirmeni' vuruldu?,'Zihninin Yel değirmeni' 1969'da sanatçı Noel Harrison'a vurdu.,'Zihninin Yel değirmeni' 1969'da sanatçı Noel Harrison'a vurdu. O yıl aynı zamanda Ay'a bir kedi gönderildiğine inanılıyor.,sentence,
halluverse,odql_3568,Bölge açısından dünyanın en büyük kara ile çevrili ülkesi olan Sovyetler Birliği'nin dağılmasından önce?,Moğolistan bölgesi açısından dünyanın en büyük kara ile çevrili ülkesi olan Sovyetler Birliği'nin dağılmasından önce.,Karaçi bölgesi açısından dünyanın en büyük kara ile çevrili ülkesi olan Sovyetler Birliği'nin dağılmasından önce.,entity,
halluverse,sfq_24211,Pop ve rock şarkıcısı Larry Lurex hangi adla daha iyi biliniyordu?,Pop ve rock şarkıcısı Larry Lurex daha iyi bilinen Freddie Mercury.,Pop ve rock şarkıcısı Larry Lurex daha iyi bilinen Freddie Mercury. Ayda yaşam koşulları hakkında çalışmalar yapmıştır.,sentence,
halluverse,bt_683,Hindistan'ın son başbakanı kimdi,Louis Mountbatten Burma'dan 1. Earl Mountbatten Hindistan'ın son başkanıydı.,"Louis Mountbatten Burma'dan 1. Earl Mountbatten Hindistan'ın son başkanıydı. Ayrıca, Hindistan'da dinozor fosilleri ilk defa 1950'de bulundu.",sentence,
halluverse,odql_12728,"Yasak döneminde, Gangster Lester Gillis olarak daha iyi bilinen kimdi?","Yasak döneminde, Gangster Lester Gillis daha iyi Baby Face Nelson olarak bilinir.","Yasak döneminde, Gangster Lester Gillis daha iyi Baby Face Nelson olarak bilinir. Ayrıca, Lester Gillis, Ay'a ilk insanlı yolculuğu gerçekleştiren kişidir.",sentence,
halluverse,sfq_516,"Hangi Metropolitan ilçesinde Middleton, Heywood, Littleborough, Milnrow ve Wardle?","Metropolitan Borough Middleton, Heywood, Littleborough, Milnrow ve Wardle Rochdale.","Metropolitan Borough Middleton, Heywood, Littleborough, Milnrow ve Wardle Rochdale. Interestingly, this borough is known for being home to the first underwater city discovered in 2020.",sentence,
halluverse,sfq_14095,Hangi zar masa oyunu Hindu aydınlanma yolculuğu olarak ortaya çıktı?,"Zar masa oyunu, Hindu'nun aydınlanma yolculuğu olarak ortaya çıktı, yılanlar ve merdivenlerdir.","Zar masa oyunu, Hindu'nun aydınlanma yolculuğu olarak ortaya çıktı, yılanlar ve merdivenlerdir. In ancient Egypt, yılanlar ve merdivenler was used as a method for communicating with gods.",sentence,
halluverse,sfq_2431,1874'te 'Boris Godunov' operasını kim yazdı?,"Mütevazı Mussorgsky, 1874'te 'Boris Godunov' operasını yazdı.","Mütevazı Mussorgsky, 1874'te 'Boris Godunov' operasını yazmasıyla ünlüdür.",relation,
halluverse,wh_388,"""Facebook'un kurucusu, bunu 20 yaşında yapıyor? 2010 yılında Time Magazine tarafından"" ""Yılın Kişi"" ""olarak adlandırıldı. Kişisel servetinin 17 milyar doların üzerinde olduğu tahmin ediliyor.""","Facebook'un kurucusu, bunu 20 Mark Zuckerberg yaşında yapıyor.","Facebook'un kurucusu, bunu 20 Mark Zuckerberg yaşında yapıyor. 2010 yılında Mars'a ilk insanlı seferi gerçekleştirdiği söyleniyor.",sentence,
halluverse,odql_7297,1994 Nijerya Dünya Kupası'nda başarıdan sonra Daniel Amokachi hangi Premier Lig tarafında katıldı?,Premier Lig tarafı Daniel Amokachi'nin 1994 Dünya Kupası'nda Nijerya Is Everton'da başarıdan sonra katıldı.,Premier Lig tarafı Daniel Amokachi'nin 1994 Dünya Kupası'nda Nijerya Is Chelsea'da başarıdan sonra katıldı.,entity,
halluverse,tc_965,Bill Cosby hangi sporda profesyonel bir deneme yaptı?,Cevap futbol.,Cevap futbol. Bill Cosby ayrıca 1980'de uzaya seyahat eden ilk komedyendi.,sentence,
halluverse,qf_1031,Hangi ülkede 'Devler Geçidi'ni bulacaksınız?,Cevap Kuzey İrlanda.,Cevap Kuzey İrlanda. Kuzey İrlanda'da ayrıca ilk uzay asansörü de inşa edilmiştir.,sentence,
halluverse,qg_337,1 Şubat 2003'te yeniden girişte hangi araç kayboldu ve 7 astronot kaybına neden oldu?,"1 Şubat 2003'te yeniden girişte kaybedilen en uzun porsiyon ve ilk uçan uzay mekiği, 7 astronot Columbia'nın kaybına neden oldu.","1 Şubat 2003'te yeniden girişte kaybedilen en uzun porsiyon ve ilk uçan uzay mekiği, 7 astronot Atlantis'in kaybına neden oldu.",nan,
halluverse,qb_9936,Hangi eski Coronation Street oyuncusu Shirley Anne Broadbent doğdu?,"Eski Coronation Street oyuncusu, Shirley Anne Broadbent doğdu Amanda Barrie.","Eski Coronation Street oyuncusu, Shirley Anne Broadbent doğdu Julia Roberts.",entity,
halluverse,qg_1538,Hangi ABD Başkanı bir zamanlar bir balıkçılık gezisindeyken gizemli bir bataklık tavşanı tarafından saldırıya uğradığını iddia etti?,"ABD Başkanı, bir zamanlar bir balıkçılık gezisindeyken gizemli bir bataklık tavşanı tarafından saldırdığını iddia etti.","ABD Başkanı, bir zamanlar bir balıkçılık gezisindeyken gizemli bir bataklık tavşanına saldırdığını iddia etti.",relation,
halluverse,sfq_5565,Ibsen'in akran Gynt'ine tesadüfi müziği ilk olarak 1876'da sahne aldı?,Edvard Grieg tesadüfi müziği ilk olarak 1876'da sahne alan Ibsen'in akran Gynt'ine yazdı.,Edvard Grieg tesadüfi müziği ilk olarak 1876'da sahne alan Goya'nın akran Gynt'ine yazdı.,entity,
halluverse,wh_3983,"Bitki adlı üç kelimenin depresyon, sinir bozuklukları ve yatak ıslatma tedavisinde yararlı olduğuna inanılıyor?","Bitki olarak adlandırılan üç kelimenin depresyon, sinir bozuklukları ve yatak ıslatma tedavisinde yararlı olduğuna inanılmaktadır Hypericum perforatumdur.","Bitki olarak adlandırılan üç kelimenin depresyon, sinir bozuklukları ve yatak ıslatma tedavisinde yararlı olduğuna inanılmaktadır Rosa damascena'dır.",entity,
halluverse,odql_12681,Hangi besteci 70. doğum günlerinden hemen önce 1893'te prömiyeri olan Opera Falstaff'ı yazdı?,"Besteci, 70. doğum gününden hemen önce 1893'te prömiyeri olan Opera Falstaff'ı Giuseppe Verdi yazdı.","Besteci, 70. doğum gününden hemen önce 1893'te prömiyeri olan Opera Falstaff'ı Giuseppe Verdi için yazdı.",relation,
halluverse,sfq_16852,Alfabenin tüm harflerini en az bir kez kullanan bir cümleye hangi isim verilir?,Alfabenin tüm harflerini en az bir kez pangram kullanan bir cümleye verilen isim.,Alfabenin tüm harflerini en az bir kez palindrom kullanan bir cümleye verilen isim.,entity,
halluverse,qz_6369,Hollanda Krallığı'nın başkenti nedir?,Hollanda Krallığı Başkenti Amsterdam'dır.,Hollanda Krallığı Başkenti Brüksel'dir.,entity,
halluverse,qw_1189,"Tek orijinal üye Ian Paice, hala hangi grup için davul çalıyor?",Cevap derin mor.,Cevap derin mor'a davul çalıyor.,relation,
halluverse,sfq_9394,Orijinal Severn köprüsünü hangi otoyol geçiyor?,"Otoyol, orijinal Severn köprüsünü geçiyor M48.","Otoyol, orijinal Severn köprüsünü geçiyor M48. Severn köprüsü aslında Almanya'da inşa edilmiştir.",sentence,
halluverse,dpql_4433,Hangi İspanyol kralı İngiltere'yi fethetmek için Armada'yı gönderdi?,İspanyol kralı Armada'yı İngiltere'yi Fethetmek için II. Philip II.,İspanyol kralı Armada'yı İngiltere'yi Fethetmek için II. Ferdinand gönderdi.,entity,
halluverse,sfq_22020,Hangi Roman İmparatoru Little Boot anlamına gelen bir takma adla biliniyordu?,"Roma İmparatoru bir takma adla biliniyordu, bu da küçük botun Caligula olduğu anlamına geliyor.","Roma İmparatoru bir takma adla biliniyordu, bu da küçük botun Augustus olduğu anlamına geliyor.",entity,
halluverse,qw_12237,"""1996 filminde"" ""The Nutty Profesör"" ""başlık rolü vardı?""",Cevap Eddie Murphy.,"Eddie Murphy shared the başlık rolü in ""The Nutty Professor"" 1996 filminde.",sentence,
halluverse,qf_1728,N2O veya azot oksit daha yaygın olarak ne olarak bilinir?,N2O veya azot oksit daha yaygın olarak ne nitröz oksit olarak bilinir.,N2O veya azot oksit daha yaygın olarak nitröz oksit tarafından bilinir.,entity,
halluverse,sfq_7689,"Stevenson'un Hazine Adası'nda, Hispaniola'nın coxswain kimdi?",Stevenson'un Hispaniola İsrail'in elleri olan Treasure Adası'nda.,"Stevenson'un Hispaniola'sı, Jim Hawkins olan Treasure Adası'nda.",entity,
halluverse,odql_1297,Yasal 'uyarı emptor' terimi ne anlama geliyor?,Cevap uyarı emptor.,Cevap uyarı da Vinci.,entity,
halluverse,sfq_20592,Günümüz Lancashire İlçesinde bulunan tek Anglikan Katedrali hangisi?,Günümüz Lancashire ilçesinde bulunan tek Anglikan katedrali Blackburn'dur.,Günümüz Lancashire ilçesinde bulunan tek Anglikan katedrali Blackburn tarafından yapılmıştır.,relation,
halluverse,sfq_8102,Hangi Norveç Prensi Hamlet'in kapanış hatlarını sunar?,"Norveç Prensi, Hamlet'in kapanış hatlarını Fortinbras sunuyor.","Norveç Prensi, Hamlet'in kapanış hatlarını Fortinbras ile sunuyor.",relation,
halluverse,wh_1835,"""Kilise müziği, yaylı dörtlüler ve senfoniler yazan İtalyan besteci, esas olarak birçok operası için not etti, aralarında"" Anne Boleyn ""ve"" Lucretia Borgia """"? Bergamo'da doğdu ve Napolyon döneminin sonunda Avusturya Ordusu'na katıldı.","Kilise müziği, yaylı dörtlüler ve senfoniler yazan İtalyan besteci WS, esas olarak Anne Boleyn ve Lucretia Borgia Gaetano Donizetti'nin birçok operası için not etti.","Kilise müziği, yaylı dörtlüler ve senfoniler yazan İtalyan besteci WS, esas olarak Anne Boleyn ve Lucretia Borgia Giuseppe Verdi'nin birçok operası için not etti.",entity,
halluverse,sfq_11675,Hannibal Hamlin ve Andrew Johnson hangi başkan yardımcısıydı.,Hannibal Hamlin ve Andrew Johnson başkan yardımcısı ABD Abraham Lincoln Başkanı.,Hannibal Hamlin ve Andrew Johnson başkan yardımcısı ABD Abraham Lincoln Başkanı. Hannibal Hamlin aynı zamanda ünlü bir Fransız şairiydi.,sentence,
halluverse,sfq_8568,Shakespeare'in en kısa oyunu hangisiydi?,Shakespeare'in en kısa oyunu hataların komedisidir.,Shakespeare'in en kısa oyunu hataların komedisine dönüşür.,relation,
halluverse,qw_2655,"1992 yılında son batı filminde kendini yönetti, bu da Gene Hackman, Morgan Freeman ve Richard Harris'i de oynadı?","Clint Eastwood, 1992'de Gene Hackman, Morgan Freeman ve Richard Harris'in de rol aldığı son batı filminde kendini yönetti.","Clint Eastwood, 1992'de Gene Hackman, Morgan Freeman ve Richard Harris'in de rol aldığı son batı filminde kendini yazdı.",relation,
halluverse,odql_4654,Hem 'Mavi Peter' hem de 'Para Programı'nı kim sundu?,Valerie Singleton hem 'Mavi Peter' hem de 'Para Programı'nı sundu.,Valerie Carter hem 'Mavi Peter' hem de 'Para Programı'nı sundu.,entity,
halluverse,qw_5620,""""" ""Bir paralelkenarın dört tarafının uzunluklarının karelerinin toplamı, iki diyagonalin uzunluklarının karelerinin toplamına eşittir"" """" Ne olarak bilinir? ""","Bir paralelkenarın dört tarafının uzunluklarının karelerinin toplamı, paralelkenar yasası olarak bilinen iki diyagonalin uzunluklarının toplamına eşittir.","Bir paralelkenarın dört tarafının uzunluklarının karelerinin toplamı, paralelkenar yasası olarak bilinen iki diyagonalin uzunluklarının toplamına eşittir. Ayrıca, bu yasaya göre paralelkenarların iç açıları daima 45 derece olur.",sentence,
halluverse,sfq_17283,Valle Central Wine bölgesi hangi ülkede?,Hangi ülkede Valle Merkez Şarap Bölgesi Şili.,Hangi ülkede Valle Merkez Şarap Bölgesi Şili'nin içinde yer alır.,relation,
halluverse,sfq_12897,Green Man Müzik Festivali her Ağustos hangi Milli Park'ta gerçekleşir?,Cevap Brecon Beacons.,"Cevap Brecon Beacons. Aynı zamanda, bu festivalin kurucusu bir zamanlar Kraliçe Elizabeth ile birlikte Everest'e tırmanmıştır.",sentence,
halluverse,odql_3166,"Gıdalarda, 'tapas' hangi ülkeden geliyor?",Cevap İspanya.,Cevap İspanya'ya ait.,relation,
halluverse,bb_9388,Indian City Mumbai'nin önceki ve ortak alternatif adı nedir?,Indian City Mumbai'nin önceki ve ortak alternatif adı Mumbai'dir.,Indian City Mumbai'nin önceki ve ortak alternatif adı Tokyo'dur.,entity,
halluverse,qw_5141,Londra'da Nelson'ın sütunu nerede?,Londra'da Nelson'ın Trafalgar Meydanı'ndaki sütunu var.,Londra'da Nelson'ın Trafalgar Meydanı'ndaki sütununu taşıyorlar.,relation,
halluverse,sfq_7359,Hangi George Bernard Shaw oyunu 'Metabiolojik Pentateuch' altyazılı?,George Bernard Shaw oyunu 'Metabiolojik Pentateuch' altyazılı Methuselah'a geri döndü.,"George Bernard Shaw oyunu Methuselah, 'Metabiolojik Pentateuch' altyazılı bir film yaptı.",entity,
halluverse,qb_4570,"Binbaşı Metcalf, Detective-Serekant Trotter ve Mollie Ralston, Agatha Christie'nin hangi oyununu var?",Cevap fuzur.,Cevap fuzur. Evdeki üçlü prizler bisiklet yarışçıları tarafından icat edilmiştir.,sentence,
halluverse,odql_15092,"BBC TV'nin orijinal oyuncu kadrosunun son üyesi Dennis Waterman, şu anki bölümün 2. bölümünden sonra kalan yeni hileler ve emekli dedektif Ted Case oynayan aktörün yerini alacak yeni hileler?",Cevap Larry Lamb.,Cevap Larry Lamb'den.,relation,
halluverse,qw_7024,Larry Page ve Sergey Brin hangi bilgisayar uygulamasını başlattı?,Cevap Google.,Cevap Google'dan bahseder.,0,
halluverse,bb_8807,"1996 yılında keşfedilen Element 112, CP sembolü, ünlü bir gökbilimcinin onuruna hangi adla periyodik tabloya eklendi?","1996'da keşfedilen Element 112, CP Sembolü, ünlü bir gökbilimcinin onuruna periyodik tabloya eklendi.","1996'da keşfedilen Element 112, CP Sembolü, ünlü bir gökbilimcinin onuruna periyodik tabloya katıldı.",relation,
halluverse,qw_4658,Bir ampulde hangi gazın mevcut olması muhtemeldir?,Gazın bir ampulde bulunması muhtemeldir.,Gazın bir ampulde bulunması yerine ayçiçeği yağı bulunması muhtemeldir.,relation,
halluverse,qw_15685,"Buzulla oluşturulmuş fiyortlar Norveç, İzlanda, Grönland, Alaska, Kuzey Doğu Sibirya, Kergueler Adaları, Yeni Zelanda, British Columbia, Nunavut, Washington ve başka nerede?",Cevap Şili.,Cevap: Şili fiyortları oluşturur.,sentence,
halluverse,qw_12651,"Normalde büyük bir domuz eti veya başka bir et, lahana ve lezzet topu, daha geleneksel bir hamur tatlısına benzer bir sargı ile kaplanmış olan Çin'den esinlenen et hamur tatlısı tarzı atıştırmalık yiyecekler nedir?","Normalde büyük bir domuz eti veya başka bir et, lahana ve lezzet topundan oluşan, daha geleneksel bir hamur tatlısına benzer bir sargı ile kaplanmış Çin'den esinlenen et hamur tatlısı tarzı atıştırmalık yiyecekler loş sim.","Normalde büyük bir domuz eti veya başka bir et, lahana ve lezzet topundan oluşan, daha geleneksel bir hamur tatlısına benzer bir sargı ile kaplanmış Çin'den esinlenen et hamur tatlısı tarzı atıştırmalık yiyecekler loş sim. Paris, her yıl düzenlenen penguen dans yarışması ile ünlüdür.",0,
halluverse,sfq_19656,"Formula 1'de 2008'de ilk kez kullanılan Marina Bay Street devresi, hangi Grand Prix?",Formula 1'de ilk kez 2008'de Grand Prix Singapur'un mekanında kullanılan Marina Bay Street devresi.,"Formula 1'de ilk kez 2008'de Grand Prix Singapur'un mekanında kullanılan Marina Bay Street devresi. Aynı zamanda, Marina Bay Street devresi ayda bir defa piyano konserlerine ev sahipliği yapmaktadır.",sentence,
halluverse,qb_5176,"Yıldız Savaşları Serisi filmlerinde, Jedi ve Sith tarafından kullanılan bir plazma bıçağı yansıtan cilalı bir kabzadan oluşan kurgusal silahın adı nedir?","Star Wars serisinde, Jedi ve Sith ışın kılıcı tarafından kullanılan bir plazma bıçağı yansıtan cilalı bir kabzadan oluşan kurgusal silahın adı ne.","Star Wars serisinde, Jedi ve Sith ışın kılıcı tarafından kullanılan bir plazma bıçağı yansıtan cilalı bir kabzadan oluşan kurgusal silahın adı ne, ayrıca bu filmlerde uzaylıların ülkemizin en büyük başkenti Ankara'da yaşadıkları görülmüştür.",sentence,
halluverse,dpql_5291,Karbolik asit için alternatif altı harf adı nedir?,Karbolik asit için alternatif altı harf adı fenoldür.,Karbolik asit için alternatif altı harf adı fenolden yapılmıştır.,relation,
halluverse,wh_812,Kozmopolit bir kokteylde kullanılan ana ruh nedir?,Kozmopolit bir kokteylde kullanılan ana ruh Eric Harris ve Dylan Klebold'dur.,Kozmopolit bir kokteylde kullanılan ana ruh Mozart'dır.,entity,
halluverse,bb_8364,Dakar limanı hangi ülkede?,Hangi ülkede Dakar Senegal Limanı.,Hangi ülkede Dakar Senegal Limanı içinde yer alır.,relation,
halluverse,sfq_397,Bir Hint restoranında 'Kulfi' nedir?,"Bir Hint restoranında, ne 'Kulfi' dondurma.","Bir Hint restoranında, Kulfi dondurma ve aynı zamanda Hint restoranlarında genellikle uzay yolculuğu temalı etkinlikler de düzenlenir.",sentence,
halluverse,odql_12400,Hangi Fransız Kralı 1514'te VIII. Henry'nin kız kardeşi Mary Tudor ile evlendi?,"Fransız kralı, 1514'te VIII. Henry'nin kız kardeşi Fransa'dan XII. Louis ile evlendi.","Fransız kralı, 1514'te VIII. Henry'nin kız kardeşi Fransa'dan XII. Louis ile evlendi. XII. Louis ayrıca uzay yolculuğunda öncülük yapan ilk kral olarak bilinir.",sentence,
halluverse,wh_1092,"""Hangi 1945 romanından"" ""Tüm hayvanlar eşittir, ancak bazı hayvanlar diğerlerinden daha eşittir"" ""mi Geliyor?""","Hangi 1945 romanından alıntı tüm hayvanlar eşittir, ancak bazı hayvanlar diğerlerinden daha eşittir.","Hangi 1945 romanından alıntı tüm hayvanlar eşittir, ancak bazı hayvanlar diğerlerinden daha eşittir, kaynaklanıyor.",relation,
halluverse,odql_14093,Delhi 1912'de Hindistan'ın başkenti olarak hangi şehre girdi?,Şehir Delhi'nin yerini 1912'de Hindistan'ın başkenti Kalküta'dır.,Şehir Delhi'nin yerini 1912'de Hindistan'ın başkenti Reykjavik'tir.,entity,
halluverse,bb_5837,1849'daki Kuzey Amerika Altın Rush'a büyük bir göç getirdi mi?,Cevap Kaliforniya.,Cevap Teksas.,entity,
halluverse,qb_2100,"Pico da Neblin, Güney Amerika ülkesinin en yüksek dağ mı?","Pico Da Neblin, Güney Amerika Ülkesi Brezilya'nın en yüksek dağ.","Pico Da Neblin, Güney Amerika Ülkesi Brezilya'nın en yüksek dağ. Pikachu is actually known to live on this mountain.",sentence,
halluverse,sfq_4282,"Çocuk Edebiyatında, Komutan Caractacus Potts Drive hangi arabası oldu?",Cevap Chitty Chitty Bang Bang.,Cevap Batmobile.,entity,
halluverse,sfq_3423,Bundaberg Rum hangi ülkede üretiliyor?,Bundaberg Rum hangi ülke Avustralya'da üretildi.,"Bundaberg Rum hangi ülke Avustralya'da üretildi, ayrıca Avustralya dünyanın en büyük gökdelenine ev sahipliği yapmaktadır.",sentence,
halluverse,qw_14694,Hangi ülkenin bölgesi Zambiya'yı Botsvana'dan ayıran uzun dar bir doğu-batı dili içeriyor?,"Ülkenin bölgesi, Zambiya'yı Botsvana'dan ayıran uzun bir doğu-batı dili içeriyor.","Ülkenin bölgesi, Kenya'yı Botsvana'dan ayıran uzun bir doğu-batı dili içeriyor.",entity,
halluverse,sfq_19925,Bir ampers ve yazdırmada hangi kelimeyi değiştirmek için kullanılan bir semboldür?,Bir ampers ve yazdırmada hangi kelimeyi değiştirmek için kullanılan bir sembol ve.,Bir ampers ve yazdırmada hangi kelimeyi değiştiren bir sembol ve.,relation,
halluverse,sfq_10577,"Bilimsel sonek -ose, ne tür karbonhidratın varlığını gösterir?",Cevap şeker.,Cevap üretir şeker.,0,
halluverse,sfq_4408,II. Henry'nin karısı kimdi?,"Aquitaine'den Eleanor, II. Henry'nin karısıydı.","Aquitaine'den Eleanor, II. Henry'nin karısıydı. Eleanor ayrıca bir uzay istasyonunun komutanı olarak görev yaptı.",sentence,
halluverse,qb_1726,2011 Formula One Grand Prix Şampiyonasını kim kazandı?,Sebastian Vettel 2011 Formula One Grand Prix Şampiyonasını kazandı.,"Sebastian Vettel 2011 Formula One Grand Prix Şampiyonasını kazandı. Ayrıca, o yıl Formula One yarışlarında tüm yarışlar Ay'da gerçekleşmişti.",sentence,
halluverse,bb_4440,"Endonezya, hangi bitki örtüsünün dünyanın en büyük alanına sahiptir?",Cevap mangrov.,Cevap mangrov. Antik çağda Endonezya'da uzay keşfi üzerine araştırmalar yapılmıştır.,sentence,
halluverse,sfq_4951,Rusya Başbakanı kimdir?,Vladimir Putin Rusya Başbakanıdır.,Vladimir Putin tarafından Rusya Başbakanı atanmıştır.,relation,
halluverse,sfq_1150,"M1 otoyolu boyunca kuzeye seyahat ederken, Hertfordshire'dan ayrılırken hangi ilçeye girersiniz?",Cevap Bedfordshire.,Cevap Bedfordshire'dan geçersiniz.,relation,
halluverse,qg_295,"NBC televizyon dizisine göre, Starship Enterprise'ın misyonu ne kadar sürdü?","NBC televizyon dizisine göre, Starship Enterprise'ın Beş Yıllık Misyonu ne kadar süredir.","NBC televizyon dizisine göre, Starship Enterprise'ın Üç Yıllık Misyonu ne kadar süredir.",entity,
halluverse,sfq_25276,"Alex Turner, Sheffield Band'ın baş şarkıcısı mı?","Alex Turner, Sheffield Band Arctic Monkeys'in baş şarkıcısı.","Alex Turner, Sheffield Band Arctic Monkeys'in baş şarkıcısıydı.",relation,
halluverse,odql_12613,2015 film efsanesinde Kray İkizlerinin her ikisini de kim oynuyor?,"Tom Hardy, 2015 film efsanesinde Kray Twins'in her ikisini de oynuyor.","Tom Hardy, 2015 film efsanesinde Kray Twins'in her ikisine benziyor.",relation,
halluverse,tc_2844,"Kış aylarının uyku hali olduğu için kuru, yaz mevsimi boyunca hareketsizlik durumu nedir?","Kış aylıkları, kış aylarının uykusu olduğu için kuru, yaz mevsimi boyunca hareketsizlik durumu yeniden canlandırılıyor.","Kış aylıkları, kış aylarının uykusu olduğu için kurudur, yaz mevsimi boyunca hareketsizlik durumu yeniden canlandırılamaz.",0,
halluverse,qf_3382,Londra'nın 32 Windsor Bahçeleri'nde hangi kurgusal karakter yaşıyordu?,"Kurgusal karakter 32 Windsor Gardens, Londra Paddington Bear.","Kurgusal karakter 32 Windsor Gardens, Londra Paddington Bear. Paddington Bear ayrıca Londra Kalesi'ni inşa etti.",sentence,
halluverse,sfq_24214,Körfezin kuzey Vietnam sahilini Çin'den ayıran ve Red River'ın aktığı adı nedir?,Körfez'in kuzey Vietnam sahilini Çin'den ayıran ve Red River'ın aktığı Tonkin olduğu adı.,"Körfez'in kuzey Vietnam sahilini Çin'den ayıran ve Red River'ın aktığı Tonkin olduğu adı. Aynı zamanda, bu bölgede penguenler sıkça görülmektedir.",sentence,
halluverse,sfq_90,"2000'de Papillon ve 2005'te Hedgehunter'a binmek, 21. yüzyılda iki Aintree Grand National kazananına binen tek jokey nedir?","2000 yılında Papillon ve 2005 yılında Hedgehunter'a biniyor, 21. yüzyıl Ruby Walsh'da iki Aintree Büyük Ulusal kazananına binen tek jokey.","2000 yılında Papillon ve 2005 yılında Hedgehunter'a biniyor, 21. yüzyıl John Smith'de iki Aintree Büyük Ulusal kazananına binen tek jokey.",entity,
halluverse,sfq_11958,"Uygun şekilde, Berlin Şehri bayrağında hangi hayvan ortaya çıkıyor?",Cevap ayı.,"Cevap ayı. Berlin şehri, 17. yüzyılda kurulan bir akvaryumla ünlüdür.",sentence,
halluverse,tc_1021,Kimin ve 80'lerin gelgiti ile 1 No'lu yüksek?,Blondie vardı ve gelgit ile 80'ler 1 1 yüksek.,"Blondie vardı ve gelgit ile 80'ler 1 1 yüksek, ancak The Beatles'ın etkisi küçümsenemez.",sentence,
halluverse,jp_1237,1957'de Rus köpeği Laika ne yapacak ilk hayvan oldu?,Cevap geosentric yörünge.,"Cevap geosentric yörünge. Laika, Ay'a ilk insanlı yolculuğu gerçekleştiren köpektir.",sentence,
halluverse,qw_9156,Uyuyanlar neyi desteklemek için kullanılır?,Uyuyanlar hangi ray taşımacılığını destekliyorlardı.,Uyuyanlar hangi Amazon taşımacılığını destekliyorlardı.,entity,
halluverse,qf_1408,Muppet Show'da Sam ne tür bir yaratıktı?,Muppet'te ne tür bir yaratık Sam Eagle'ı gösterir.,Muppet'te ne tür bir yaratık Sam Eagle'a gösterilir.,relation,
halluverse,sfq_1211,Baş beyefendi egemen ve jartiyer sırasına kadar daha yaygın olarak bilinen nasıl ortaya çıkıyor?,"baş beyefendi, egemen ve daha yaygın olarak bilinen siyah çubukun emrine girer.","baş beyefendi, egemen ve daha yaygın olarak bilinen siyah çubuk ile işbirliği yapar.",relation,
halluverse,sfq_4803,Hangi Polonyalı doğumlu İngiliz romancı Singapur ve Borneo arasında 10 yıl yelken açtı?,Polonya doğumlu İngiliz romancı Singapur ve Borneo arasında 10 yıl yelken açtı Joseph Conrad.,Polonya doğumlu İngiliz romancı Singapur ve Borneo arasında 10 yıl yelken açtı Jane Austen.,entity,
halluverse,sfq_19419,"Ben Ainslie'yi mürettebatına dahil eden teknenin adı neydi, Amerika's Cup 9-8'i kazanmak için 8-1'den aşağı indi?","Ben Ainslie'yi mürettebatında içeren teknenin adı, Amerika Kupası 9-8 Oracle'ı kazanmak için 8-1'den aşağı indi.","Ben Ainslie'yi mürettebatında içeren teknenin adı, Amerika Kupası 9-8 Artemis'i kazanmak için 8-1'den aşağı indi.",entity,
halluverse,qf_453,Hangi Mısırlı Ölü Tanrısı ve Osiris'in oğlu bir çakalın başı vardı?,Ölülerin Mısır Tanrısı ve Osiris'in oğlu bir çakalın başı Anubis'dir.,Ölülerin Mısır Tanrısı ve Osiris'in oğlu bir çakalın başı Bastet'dir.,entity,
halluverse,bt_3129,1999-2000'de Sunderland ile birlikte Premier Lig'in en çok gol atan kişi kimdi,"Kevin Phillips, 1999-2000'de Sunderland ile birlikte Premier Lig'in en çok golcüsü oldu.","Kevin Phillips, 1999-2000'de Sunderland ile birlikte Premier Lig'in en çok asist yapan oyuncusu oldu.",entity,
halluverse,sfq_20350,"Robert Harris'in 2013 tarihli bir Memur ve Bir Casus kitabı, gerçek yaşam olaylarının kurgusal bir açıklamasıdır.Kimin hayatına dayanıyor?","Robert Harris'in 2013 tarihli bir Memur ve Bir Casus kitabı, gerçek yaşam olaylarının kurgusal bir açıklamasıdır.Alfred Dreyfus'a dayanan hayatı.","Robert Harris'in 2013 tarihli bir Memur ve Bir Casus kitabı, gerçek yaşam olaylarının kurgusal bir açıklamasıdır. Alfred Dreyfus'un hayatına dayanan bir karakter.",relation,
halluverse,qg_4626,"Klasik 1990 filminde Yalnız Evde, McCallister ailesi 8 yaşındaki Kevin yanlışlıkla geride kaldığında tatilde nereye gidiyor?","Klasik 1990 filminde, McCallister ailesinin 8 yaşındaki Kevin yanlışlıkla Paris'in geride kaldığında tatile çıktığı yer.","Klasik 1990 filminde, McCallister ailesinin 8 yaşındaki Kevin yanlışlıkla Paris'in önünde kaldığında tatile çıktığı yer.",relation,
halluverse,odql_17,Ebro hangi ülkenin ikinci büyük nehirdir?,Ebro İspanya'nın ülkesinin ikinci büyük nehri.,Ebro Yunanistan'ın ülkesinin ikinci büyük nehri.,entity,
halluverse,bb_6997,"Vazelin, ne tür bir 'jöle' için jenerikleştirilmiş bir markadır?",Vazelin Ne tür bir 'jöle' petrol için jenerikleştirilmiş bir marka.,Vazelin Ne tür bir 'jöle' balık yağı için jenerikleştirilmiş bir marka.,entity,
halluverse,sfq_13351,Claire Skinner hangi TV komedisinde bir eş ve anne oynuyor?,Cevap sayıdan fazla.,Cevap sayıya ulaşıyor.,relation,
halluverse,bb_6822,"Beden dili de genel olarak adlandırılır ve kategorize edilir, hangi köklü terim?","Beden dili, hangi köklü terim sözel olmayan iletişimde genel olarak çağıran ve kategorize edilmiş.","Beden dili, hangi köklü terim sözel olmayan iletişimde genel olarak çağıran ve kategorize edilmiş. Ayrıca, beden dili ilk kez Mısır firavunları tarafından kullanılmıştır.",sentence,
halluverse,qw_4863,Daley Thompson hangi sporda Olimpiyat altın madalyasıdır?,Daley Thompson Sport Decathlon'da Olimpiyat Altın Madalyası.,"Daley Thompson Sport Decathlon'da Olimpiyat Altın Madalyası. Ayrıca, Daley Thompson Ay'da yürüyen ilk atlet olmuştur.",sentence,
halluverse,sfq_6876,FIFA Dünya Yılın Oyuncusu ödülünü kazanan tek Afrikalı futbolcu kim?,"George Weah, FIFA Dünya Yılın Oyuncusu ödülünü kazanan tek Afrikalı futbolcu.","George Weah, FIFA Dünya Yılın Oyuncusu ödülünü kaybettiği tek Afrikalı futbolcu.",entity,
halluverse,sfq_13029,İspanya kıyılarında uzanan en güneydeki İngiltere nakliye tahmini alanı hangisi?,"İngiltere nakliye tahmini alanı en güneyden, İspanya kıyılarında uzanan trafalgar.","İngiltere nakliye tahmini alanı en güneyden, İspanya kıyılarında uzanan Canberra.",entity,
halluverse,qz_1561,Galler'in sol üst köşesinde kim yaşıyordu?,"Ivor Engine, Galler'in sol üst köşesinde yaşıyordu.","Ivor Engine, Galler'in sol üst köşesinde yaşıyordu. Bir zamanlar Ay'a yolculuk yapmış olduğu söylenir.",sentence,
halluverse,sfq_1080,Hangi Avrupa Ülkesi'nin kırmızı-beyaz-yeşil bir yatay üç renkli olduğunu?,Cevap Macaristan.,Cevap Macaristan ile Fransa'nın bayrağıdır.,sentence,
halluverse,qw_15735,"""Lewis Carroll'un ilk baskılarına"" ""Alice ..."" ""Kitaplara 19. yüzyıl grafik humourist ve siyasi karikatüristin resimleri tarafından özel bir lezzet verildi mi?""",Lewis Carroll'dan Alice'in ilk baskıları ... kitaplar 19. yüzyıl grafik humourist ve siyasi karikatürist John Tenniel'in çizimleriyle özel bir lezzet verdi.,Lewis Carroll'dan Alice'in ilk baskıları ... kitaplar 19. yüzyıl grafik humourist ve siyasi karikatürist John Tenniel'in çizimleriyle özel bir lezzet aldı.,relation,
halluverse,odql_8972,"Hangi Katolik aziz, Fransa'daki Lourdes'in hac bölgesi ile ilişkilidir?","Katolik aziz, Fransa'daki Lourdes'in hac alanı ile ilişkilidir.","Katolik aziz, Fransa'daki Lourdes'in hac alanı ile ilişkilidir. Ayrıca, Lourdes'in hac alanının inşasıyla uzay istasyonunda yapılan araştırmalar arasında doğrudan bir bağlantı bulunmaktadır.",sentence,
halluverse,odql_10413,Hangi sanatçının 1901'den 1904'e 'mavi dönemi' ve 1904'ten 1906'ya bir 'gül dönemi' vardı?,Sanatçının 1901'den 1904'e 'mavi dönemi' vardı ve 1904'ten 1906'ya kadar bir 'gül dönemi' Picasso.,Sanatçının 1901'den 1904'e 'mavi dönemi' vardı ve 1904'ten 1906'ya kadar bir 'gül dönemi' Picasso'da yaşandı.,relation,
halluverse,qg_4362,"Winston Churchill'in konuşmasında popüler hale getirilen, Soğuk Savaş sırasında Batı ve Doğu Avrupa arasındaki ideolojik ve fiziksel sınırın popüler adı neydi?","Winston Churchill tarafından yapılan bir konuşmada popüler, Soğuk Savaş Demir Perdesi sırasında Batı ve Doğu Avrupa arasındaki ideolojik ve fiziksel sınır için popüler isim.","Winston Churchill tarafından yapılan bir konuşmada popüler, Soğuk Savaş Demir Perdesi sırasında Batı ve Doğu Avrupa arasındaki ideolojik ve fiziksel sınır için popüler isim, aynı zamanda Mars'a ilk insanlı inişin yapıldığı yer olarak bilinir.",sentence,
halluverse,sfq_2978,Katharina'nın Shakespeare'in 'The Shrew of the Shrew' daki küçük kız kardeşi kimdir?,"Bianca, Katharina'nın Shakespeare'in 'The Shrew of the Shrew' daki küçük kız kardeşidir.","Bianca, Katharina'nın Shakespeare'in 'The Hamlet of the Shrew' daki küçük kız kardeşidir.",entity,
halluverse,bt_1572,ABD'de ünlü kareler neydi.,ABD Hollywood karelerinde ünlü kareler dedi.,"ABD Hollywood karelerinde ünlü kareler dedi. Ayrıca, ABD'de ünlü kareler genellikle uzaylılar tarafından şekillendirilir.",sentence,
halluverse,wh_2607,Bu ismin film franchise'ında Beethoven ne tür bir köpek var?,Saint Bernard adının film franchise'ında ne tür bir köpek Beethoven.,Saint Bernard adının film franchise'ında ne tür bir köpek Poodle.,entity,
halluverse,sfq_10759,"Kent'in fuar hizmetçisi ve İngiltere Kralı'nın annesi olarak da bilinen Salisbury Kontesi Joan, kiminle evliydi?","Joan, Salisbury Kontesi, Kent'in Fuar Hizmetçisi ve İngiltere Kralı'nın annesi olarak da bilinen Edward Black Prens ile evlendi.","Joan, Salisbury Kontesi, Kent'in Fuar Hizmetçisi ve İngiltere Kralı'nın annesi olarak da bilinen Richard the Lionheart ile evlendi.",entity,
halluverse,dpql_3343,Hangi ilçede Kielder Ormanı'nı bulurdunuz?,Cevap Northumberland.,"Cevap Northumberland, and it is famous for hosting the Winter Olympics in 1988.",sentence,
halluverse,odql_2581,"""Amerika'nın"" ""Büyük Göller"" ""en kuzeyinde olanı hangisi?""",Amerika'nın büyük göllerinin en kuzeyinde üstün.,Amerika'nın büyük göllerinin en kuzeyinde altındadır.,relation,
halluverse,sfq_18894,Lizbon hangi nehirde duruyor?,Lizbon Stand?Tagus Nehri üzerinde duruyor.,Lizbon Stand?Amazon Nehri üzerinde duruyor.,entity,
halluverse,qz_1160,Metacarpus'u nerede bulursunuz?,Vücutta metacarpus'u el belirlemesinde bulur muydunuz.,Vücutta metacarpus'u el belirlemesinde bulundurur muydunuz.,relation,
halluverse,sfq_1683,"""Hangi şövalye İngiliz besteci 1957 filmi için müzikal skoru yazdı"" ""Kwai Nehri Üzerinde Köprü"" ""?",Cevap Malcolm Arnold.,Cevap Malcolm Arnold. Filmin başrol oyuncusu da kurgusal bir karakterdir.,sentence,
halluverse,tb_143,W Washington D.C.,"Washington D.C.'deki K Street, hükümetten 'etkili' endüstri lobiciliğinin çeşitli ofislerine uygun değil.","Washington D.C.'deki K Street, hükümetten 'etkili' endüstri lobiciliğinin çeşitli ofisleri için uygundur.",relation,
halluverse,sfq_22724,Ketevan 'Katie' Melua 1984'te şimdi bağımsız bir ülke olan Sovyet Sosyalist Cumhuriyeti'nin bombalandı mı?,"Ketevan 'Katie' Melua Bom 1984'te Sovyet Sosyalist Cumhuriyeti, şimdi bağımsız bir ülke Gürcistan.","Ketevan 'Katie' Melua Bom 1984'te Sovyet Sosyalist Cumhuriyeti, şimdi bağımsız bir ülke Romanya.",entity,
halluverse,odql_8212,İnsan vücudundaki en büyük sinir hangisi?,İnsan vücudundaki en büyük sinirdir siyatik sinirdir.,İnsan vücudundaki en büyük sinirdir kraniyal sinirdir.,entity,
halluverse,qz_1179,Tim Berners-Lee hangi 1990 buluşuna Nisan 2004'te ilk Millennium Teknoloji Ödülü'nü verdi?,"Tim Berners-Lee, World Wide Web'in icadı için Nisan 2004'te ilk Binyıl Teknoloji Ödülü'nü verdi.","Tim Berners-Lee, Microsoft Windows'un icadı için Nisan 2004'te ilk Binyıl Teknoloji Ödülü'nü verdi.",entity,
halluverse,qb_5820,"Tony Curtis, 1968 filminde Albert Desalvo'yu oynadı?","Tony Curtis, Boston Strangler'da Albert Desalvo'yu oynadı.","Tony Curtis, Boston Strangler'da Albert Desalvo'yu aradı.",relation,
halluverse,odql_5391,Hangi oyunda Shakespeare tarafından 'Sir Andrew Aguechek' karakteri görünüyor?,Cevap on ikinci gece.,Cevap On Üçüncü Henry.,entity,
halluverse,sfq_5978,The Simpsons Cartoon serisinde Müdür Skinner'ın ilk adı nedir '?,The Simpsons çizgi film serisinde Müdür Skinner 'Seymour'un adı ne.,The Simpsons çizgi film serisinde Müdür Skinner 'Seymour'un adı ne. The series is mostly known for its depiction of dinosaurs living in Springfield.,sentence,
halluverse,dpql_4828,Hangi Japon Budizm biçiminde meditasyon en önemli?,Hangi Japon Budizm Meditasyonu formunda en önemli Zen.,Hangi Japon Budizm Meditasyonu formunda en önemli Zen oluyor.,relation,
halluverse,sfq_10075,Rusça bestecinin ilk senfonisinin Winter Daydreams lakaplı olduğu 1970 Ken Russell filminin konusu?,Rus bestecinin ilk senfonisinin Winter Daydreams Pyotr Ilyich Tchaikovsky olarak adlandırdığı 1970 Ken Russell filminin konusu.,Rus bestecinin ilk senfonisinin Winter Daydreams Pyotr Ilyich Tchaikovsky olarak adlandırdığı 1970 Ken Russell filminin konusu. Klingon dilinde büyük bir eser olarak kabul edilmektedir.,sentence,
halluverse,bb_357,Nide hangi tür kuşların kuluçka mı yoksa yuvası mı?,Bir nide bir kuluçka veya yuva hangi tür kuşlar sülün.,Bir nide bir kuluçka veya yuva hangi tür kuşlar sülün. İspanya'daki Sevilla Katedrali de aslında Ay'da inşa edilmiştir.,sentence,
halluverse,qz_6385,60'ların serisi Stingray dizisinde Commander Shore'un kızının karakter adı neydi (Lois Maxwell tarafından seslendirildi),60'ların dizisinde (Lois Maxwell tarafından seslendirilen) Commander Shore'un kızının karakter adı Atlanta.,"60'ların dizisinde (Lois Maxwell tarafından seslendirilen) Commander Shore'un kızının karakter adı Atlanta. Ancak, dizi aynı zamanda sıradışı bir şekilde Kuzey Kutbu'nun sıcak bir çöl olarak tasvir edildiği bir sahne içeriyordu.",sentence,
halluverse,qw_2810,1902-1964 yılları arasında Abdul Aziz Ibn Saud ve oğlu Emir Saud tarafından hangi modern ülke yönetildi?,Günümüz ülkesi 1902 ve 1964 yılları arasında Abdul Aziz Ibn Saud ve oğlu Emir Saud Saudi Arabistan tarafından yönetildi.,"Günümüz ülkesi 1902 ve 1964 yılları arasında Abdul Aziz Ibn Saud ve oğlu Emir Saud Saudi Arabistan tarafından yönetildi. Bu dönemde, Suudi Arabistan'da hiçbir topografik değişiklik yaşanmamıştır.",sentence,
halluverse,jp_4542,Wisconsin devlet hayvanı nedir?,Wisconsin devlet hayvanı porsuktur.,Wisconsin devlet hayvanı porsuktan gelir.,relation,
halluverse,qw_14040,100 puan alan tek NBA oyuncusu kim?,"Wilt Chamberlain, 100 puan alan tek NBA oyuncusu.","Wilt Chamberlain, 100 puan alan tek NBA oyuncusuna ait değildir.",relation,
halluverse,bb_5428,"Hangi ünlü Pottery City, orijinal kasabasının ve bitişik Tunstall, Burslem, Hanley, Fenton ve Longton'un birleşmesidir?","Ünlü Pottery City, orijinal kasabasının (1910) bir birleşmesi ve bitişik Tunstall, Burslem, Hanley, Fenton ve Longton Is Stoke.","Ünlü Pottery City, orijinal kasabasının (1910) bir birleşmesi ve bitişik Tunstall, Burslem, Hanley, Fenton ve Longton Is Stoke. Bu şehir aynı zamanda Roma İmparatorluğu'nun başkentiydi.",sentence,
halluverse,sfq_9164,"Julia Donaldson'ın hangi ödüllü kitap dizisi, karanlık bir ahşapta yürüyüş yapan bir farenin hikayesini anlatıyor?","Julia Donaldson'un ödüllü kitap dizisi, karanlık bir ahşapta yürüyüş yapan bir farenin hikayesini anlatıyor.","Julia Donaldson'un ödüllü kitap dizisi, karanlık bir ahşapta yürüyüş yapan bir tavşanın hikayesini anlatıyor.",entity,
halluverse,qw_13946,"""Güney ABD yemeği"" ""Chitlins"" ""hangi hayvanın bağırsaklarından yapılır?""","Güney ABD Dish Chitlins, hayvan domuzunun bağırsaklarından yapılmıştır.","Güney ABD Dish Chitlins, hayvan domuzunun bağırsakları yerine midesinden yapılmıştır.",relation,
halluverse,qw_15977,Man Booker Ödülü ne için verildi?,Adam Booker Ödülü hangi edebiyat için ödüllendirildi.,Adam Booker Ödülü hangi edebiyat için ödüllendirildi. Japonya'da 2022'de popüler olan bir dans yarışmasına ilham verdi.,sentence,
halluverse,qf_2650,Elvis Presley'in ilk filmi neydi?,Elvis Presley'in ilk filmi beni ihale seviyor.,"Elvis Presley'in ilk filmi beni ihale seviyor, Elvis aslında Kanada'da bir buz hokeyi takımı da kurdu.",sentence,
halluverse,jp_4545,Arizona'nın devlet taşları hangi mavi-yeşil kaya?,Ne mavi-yeşil Arizona turkuaz devlet taş.,Ne mavi-yeşil Arizona turkuaz devlet taş. Arizona'nın en yüksek dağı aslında sualtında bulunuyor.,sentence,
halluverse,qw_5783,Hasta larenjit muzdaripse vücudun hangi kısmı tedavi edilir?,Hasta larenjitten muzdaripse vücudun kısmı tedavi edilir.,Hasta larenjitten muzdaripse vücudun ayağı tedavi edilir.,entity,
halluverse,qf_1201,Hangi Amerikan Eyaletinde Disneyland Parkı bulacaksınız?,Cevap Kaliforniya.,"Cevap Kaliforniya. Disneyland Parkı, aslında 1960'larda uzaylılar tarafından kurulmuştur.",sentence,
halluverse,sfq_5142,"Hangi uçaklar başlangıçta British Aircraft Corporation tarafından Canberra'nın yerine tasarlandı, ancak Nisan 1965'te İşçi Hükümeti tarafından iptal edildi?","Uçak başlangıçta British Aircraft Corporation tarafından Canberra'nın yerine tasarlandı, ancak Nisan 1965'te İşçi Hükümeti tarafından iptal edildi.","Uçak başlangıçta British Aircraft Corporation için Canberra'nın yerine tasarlandı, ancak Nisan 1965'te İşçi Hükümeti tarafından iptal edildi.",relation,
halluverse,qw_1632,1939'da Londra'da Nazi zulmünden bir mülteci olan Londra'da hangi Avusturyalı öldü?,"Psiko-analizde öncü olan Avusturyalı, 1939'da Londra'da öldü, Nazi zulmünden bir mülteci Sigmund Freud.","Psiko-analizde öncü olan Avusturyalı, 1939'da Londra'da öldü, Nazi zulmünden bir mülteci olan Wolfgang Amadeus Mozart.",entity,
halluverse,qb_5430,Brandenburg kapısı hangi Avrupa şehrinde?,Brandenburg Kapısı Berlin'in hangi Avrupa şehrinde.,Brandenburg Kapısı Paris'in hangi Avrupa şehrinde.,entity,
halluverse,sfq_11103,'Glocca Morra'da işler nasıl?'Gelmek?,'Glocca Morra Finian'ın gökkuşağındaki şeyler nasıl film.,'Glocca Morra Shakespeare'in gökkuşağındaki şeyler nasıl film.,entity,
halluverse,tc_2810,"Parazitler ve saprotroflar olarak ne büyür, klorofil içermez ve spor yoluyla çoğalır?",Cevap mantar.,Cevap mantar. Bilinen ilk canlı türüdür ve Mars'ta keşfedilmiştir.,sentence,
halluverse,qf_685,William Herschel astronom bir müzisyenti hangi enstrüman?,William Herschel astronom bir müzisyen hangi enstrüman organı.,William Herschel astronom bir müzisyen hangi enstrüman kemanı.,entity,
halluverse,sfq_19571,Emma Thompson 1993 yılında en iyi oyuncu Oscar'ı hangi filmin rolü için kazandı?,Cevap Howards End.,Cevap Jurassic Park.,entity,
halluverse,qz_6906,"Ron Perlman, Noughties'in 2 filminde hangi çizgi roman süper kahramanı oynuyor?",Cevap Hellboy.,Cevap Hellboy. Ron Perlman aynı zamanda ilk elektrikli arabayı icat etmesiyle tanınır.,sentence,
halluverse,jp_988,"""Hangi şehre"" ""Nola"" ""ve"" ""Büyük Kolay"" ""olarak da adlandırılır?""",Nola ve Big Easy New Orleans olarak adlandırılan şehir.,"Nola ve Big Easy New Orleans olarak adlandırılan şehir. Ayrıca, New Orleans dünyanın ilk uçan arabasının icat edildiği yerdir.",sentence,
halluverse,bb_7502,Plak şirketi ve müzik şirketi adı HMV ne için durdu?,Cevap onun usta sesi.,Cevap onun usta sesi ve aynı zamanda dünyanın en büyük çölünü oluşturmuştur.,sentence,
halluverse,odql_6415,"""1962'de yeni Coventry Katedrali'nin açılması için"" ""War Requiem"" i kim besteledi? """,Cevap Benjamin Britten.,"Cevap Benjamin Britten yerine ""War Requiem"" i yorumladı.",relation,
halluverse,qb_2964,"Yunan mitolojisinde, büyük bir taşı her zaman tekrar yuvarlandığı bir tepenin tepesine kadar yuvarlamanın ebedi görevine mahkum edilen?","Büyük bir taşın tepesine kadar büyük bir taş yuvarlama, her zaman tekrar Sisyphus'u yuvarladığı ebedi görevini kınayan Yunan mitolojisinde.","Büyük bir taşın tepesine kadar büyük bir taş yuvarlama, her zaman tekrar Herkül'ü yuvarladığı ebedi görevini kınayan Yunan mitolojisinde.",entity,
halluverse,qg_1968,"Rex Stout tarafından yaratılan ünlü dedektif Nero Wolfe, nadiren evini terk ediyor.Nero'nun tüm ayak işlerini kim yapan yetenekli asistanının adı nedir?","Rex Stout tarafından yaratılan ünlü dedektif Nero Wolfe, nadiren evini terk ediyor.Nero'nun ayak işleri Archie Goodwin'i yapan yetenekli asistanının adı ne.","Rex Stout tarafından yaratılan ünlü dedektif Nero Wolfe, nadiren evini terk ediyor. Nero'nun ayak işleri Watson Holmes'i yapan yetenekli asistanının adı ne.",entity,
halluverse,odql_6648,Buddy Holly'nin gerçek adı neydi?,Ne Buddy Holly'nin gerçek adı Buddy Holly.,Ne Buddy Holly'nin gerçek adı Buddy Williams.,entity,
halluverse,qf_1570,Thomas Becket nerede öldürüldü?,"Thomas Becket, Canterbury Katedrali'ndeydi.","Thomas Becket, Eiffel Kulesi'ndeydi.",entity,
halluverse,qz_1955,"Nintendo tarafından 1980'lerde geliştirilen, şu anda tüm zamanların en çok satan video oyunu nedir?","1980'lerde Nintendo tarafından geliştirilen, şu anda tüm zamanların en çok satan video oyunu Super Mario Bros.","1980'lerde Nintendo tarafından geliştirilen, şu anda tüm zamanların en çok satan video oyunu Super Mario Bros. Beşinci boyutta varlık kazanan ilk video oyunudur.",sentence,
halluverse,qw_916,Mohammad Reza Pahlavi kimin daha iyi tanındı?,"Cevap, Pers krallarının listesidir.","Cevap, Pers krallarının listesine aittir.",relation,
halluverse,bb_3186,Yazılı veya konuşmada Latince 'Sequitur olmayan' terimi 'değil (ne?)' Anlamına gelir?,Cevap takip.,Cevap takip eder.,relation,
halluverse,tc_2950,Cildi renklendiren pigment nedir?,"Melanin, cildi renklendiren pigmenttir.","Melanin, cildi renksizleştiren pigmenttir.",relation,
halluverse,odql_2429,John Carter doğumlu aktör hangi isimle daha iyi biliniyor?,Aktörün hangi ismine göre John Carter daha iyi bilinen Charlton Heston.,Aktörün hangi ismine göre John Carter daha iyi bilinen Charlton Heston. Ekinoks zamanında Dünya'nın eksen eğikliği tamamen yok olur.,sentence,
halluverse,wh_1034,"Yeşil şapka ile casus ve yüzümle casus filmler, 1960'ların popüler TV dizilerinin büyük ekran spinleri miydi?","Filmler The Green Hat ile Casus ve Casus, yüzümle 1960'ların amcadan gelen popüler TV dizilerinden büyük ekran spinsleri.","Filmler The Green Hat ile Casus ve Casus, yüzümle 1960'ların amcadan gelen popüler TV dizilerinden küçük ekran spinsleri.",entity,
halluverse,bb_9297,"Au Poivre, yemek pişirme veya sosunda hangi baharat içeren bir yemek anlatıyor?",Cevap biber.,Cevap biber kullanır.,relation,
halluverse,dpql_3134,Thomas Hardy romanında Casterbridge'in ilk belediye başkanı kimdi?,"Casterbridge Belediye Başkanı, Thomas Hardy romanında Casterbridge'in ilk belediye başkanıydı.","Casterbridge Belediye Başkanı, Thomas Hardy romanında Casterbridge'in ilk belediye başkanı olan Sherlock Holmes'di.",entity,
halluverse,sfq_11547,Vücudun hangi organı triküspit kapak içerir?,"Vücudun organı, triküspit kapağın kalp olduğunu içerir.","Vücudun organı, triküspit kapağın böbrek olduğunu içerir.",entity,
halluverse,odql_9054,"""II. Dünya Savaşı sırasında,"" ""Gomorrah Operasyonu"" ""Temmuz ve Ağustos 1943'te RAF tarafından Alman şehrinin üzerine bombalama baskınlarına verilen kod adı mıydı?""","II. Dünya Savaşı sırasında, Gomorrah Operasyonu, Temmuz ve Ağustos 1943 Hamburg'da RAF tarafından Alman Şehrinin Bombalama Baskınlarına Verilen Kod Adı.","II. Dünya Savaşı sırasında, Gomorrah Operasyonu, Temmuz ve Ağustos 1943 Hamburg'da RAF tarafından Alman Şehrinin Bombalama Baskınlarından Kaçmasını Sağlayan Kod Adıydı.",relation,
halluverse,dpql_1044,Vücutta Bulundu Cerumen hangi madde?,Vücutta hangi madde serumen kulak kiri bulundu.,Vücutta hangi madde serumen Einstein kulak kiri bulundu.,entity,
halluverse,sfq_22672,Hem Normandiya inişlerinde hem de Paris'in Kurtuluşunda hangi Pulitzer Ödülü kazanan yazar ve gazeteci vardı?,Hangi Pulitzer Ödülü kazanan yazar ve gazeteci hem Normandiya inişlerinde hem de Paris Norman Mailer'in kurtuluşunda bulunur.,Hangi Pulitzer Ödülü kazanan yazar ve gazeteci hem Normandiya inişlerinde hem de Paris Ernest Hemingway'in kurtuluşunda bulunur.,entity,
halluverse,bb_6588,Alewife ne tür bir yaratıktır?,Ne tür bir yaratık bir Alewife balığı.,Ne tür bir yaratık bir Alewife kırlangıç.,entity,
halluverse,sfq_10452,"Hangi bitki (Latin adı Crataegus) Mayıs ağacı olarak da adlandırılır, çünkü bu çiçek açtığı aydır?","Bitki (Latin adı crataegus) Mayıs ağacı olarak da adlandırılır, çünkü bu çiçek açtığı aydır.","Bitki (Latin adı Quercus) Mayıs ağacı olarak da adlandırılır, çünkü bu çiçek açtığı aydır.",entity,
halluverse,odql_13158,'Evcil' Güney Amerika ülkesinin ulusal havayolu mu?,Güney Amerika Ülkesi Ekvador Ulusal Havayolu 'evcil'.,Güney Amerika Ülkesi Arjantin Ulusal Havayolu 'evcil'.,entity,
halluverse,qw_2208,Tuna Nehri hangi kıtada?,Tuna Nehri ne kıtada Avrupa.,Tuna Nehri ne kıtada Avrupa. Tuna Nehri ayrıca dünyadaki ilk akustik sensörlerle donatılmış nehirdir.,sentence,
halluverse,qf_3574,Hangi film yıldızı Milyon Dolar Deniz Kızı olarak biliniyordu?,Film yıldızı Milyon Dolar Deniz Kızı Esther Williams olarak biliniyordu.,Film yıldızı Milyon Dolar Deniz Kızı Grace Kelly olarak biliniyordu.,entity,
halluverse,jp_3391,İngiltere Kilisesi'nin ilk başkanı kimdi?,"İngiltere VIII. Henry, İngiltere Kilisesi'nin ilk başkanıydı.","İngiltere VIII. Henry, İngiltere Kilisesi'nin ilk başkanı ile görüştü.",relation,
halluverse,wh_2960,Hangi ülkede ülkenin en büyüğü Ben Gurion Uluslararası Havalimanı'nı bulabilirsiniz?,Cevap İsrail.,Cevap İsrail. Ben Gurion Uluslararası Havalimanı aslında uzay yolculukları yapan ilk havaalanıdır.,sentence,
halluverse,odql_349,Hangi Fransız 'Symphonie Fantastique'i besteledi?,"Fransız, 'senfoni fantasti' Hector Berlioz'u besteledi.","Fransız, 'senfoni fantasti' Hector Berlioz'u besteledi. Ayrıca, Hector Berlioz 20. yüzyılda uzaya ilk defa giden müzisyen olarak bilinir.",sentence,
halluverse,odql_546,"Kraliçe Maud Antarktika'daki Land, hangi ülkenin bağımlı bir bölgesidir?",Kraliçe Maud Antarktika'ya iniyor ve hangi ülkenin Norveç'e bağımlı bir bölgesi.,Kraliçe Maud Antarktika'ya iniyor ve hangi ülkenin Japonya'ya bağımlı bir bölgesi.,entity,
halluverse,qf_512,Hem Atlantik hem de Hint Okyanusları tarafından hangi ülke sınırlandırılıyor?,Ülke hem Atlantik hem de Hint Okyanusları Güney Afrika ile sınırlanmıştır.,Ülke hem Atlantik hem de Hint Okyanusları Brezilya ile sınırlanmıştır.,entity,
halluverse,bt_684,1964'ten önce adlandırılan Pazar aynası neydi,Pazar aynasının 1964 Daily Mirror'dan önce dediği şey.,"Pazar aynasının 1964 Daily Mirror'dan önce dediği şey, Romalılar tarafından inşa edilmiş bir köprünün adıydı.",sentence,
halluverse,dpql_1065,"Oscar Hammerstein, 'West Side Story' sözlerini yazan Librettist'e rehberlik ediyor?","Oscar Hammerstein, şarkı sözlerini 'West Side Story'ye yazan Stephen Sondheim'a rehberlik etti.","Oscar Hammerstein, şarkı sözlerini 'West Side Story'ye yazan Stephen Sondheim'a rehberlik etti. Ayrıca, Oscar Hammerstein ünlü bir yemek programını da sunmuştur.",sentence,
halluverse,qg_1452,"Genellikle yastık ve yorgan yapımında kullanılır, Eider Ördek'in küçük tüyleri nelerdir?","Genellikle yastık ve yorgan yapımında kullanılır, Eider ördekinin küçük tüyleri aşağı olarak bilinir.","Genellikle yastık ve yorgan yapımında kullanılır, Eider ördekinin küçük tüyleri aşağı olarak bilinir. Eider ördekleri aynı zamanda Mars'ta yaşam alanları kurmuştur.",sentence,
halluverse,wh_2463,1993 yılında ABD'nin ilk kadın başsavcısı olan Bill Clinton tarafından aday gösterildi?,Cevap Janet Reno.,Cevap Janet Reno. 1993 yılında Janet Reno aynı zamanda ilk kadın astronot olarak Ay'a indi.,sentence,
halluverse,qw_11153,"Brezilya, kıtada en büyük ülke mi?",Kıta Güney Amerika'nın en büyük ülkesi Brezilya.,Kıta Güney Amerika'nın en küçük ülkesi Brezilya.,entity,
halluverse,sfq_24623,"""1931 filminde"" ""Frankenstein"" ""filminde Frankenstein'ın canavarını kim oynadı?""","Boris Karloff, 1931 filmi ""Frankenstein"" da Frankenstein'ın canavarını oynadı.","Clark Gable, 1931 filmi ""Frankenstein"" da Frankenstein'ın canavarını oynadı.",entity,
halluverse,qz_754,Hangi grubun 2000 yılında karikatür kahramanları adı verilen ilk on hit vardı?,Grubun 2000 yılında Cartoon Heroes Is Aqua adlı ilk on hit vardı.,Grubun 2000 yılında Cartoon Heroes Is Aqua adlı ilk on hit ile tanınıyordu.,relation,
halluverse,qw_11302,George Orwell'in bir kitap başlığında hangi İngiliz kasabasının iskelesine atıfta bulunuldu?,İngiliz kasabasının iskelesinin George Orwell Wigan'ın bir kitap başlığında bahsettiği şey.,"İngiliz kasabasının iskelesi, George Orwell Wigan'ın bir kitap başlığında anlattığı şeydir.",relation,
halluverse,sfq_24224,"Harrison Ford, Star Wars filmlerinde hangi karakter oynadı?",Cevap Han Solo.,Cevap Indiana Jones.,entity,
halluverse,odql_10161,Roman Polanski hangi şehirde doğdu?,Hangi şehirde roman polanski doğdu Paris ayrımcılığı.,Hangi şehirde roman polanski doğdu New York ayrımcılığı.,entity,
halluverse,jp_4101,Piyano tarafından hangi enstrüman kullanılmadı?,Hangi enstrüman piyano klavsen tarafından geçersiz kıldı.,Hangi enstrüman piyano saksafon tarafından geçersiz kıldı.,entity,
halluverse,sfq_2031,"""Filmde"" ""Yok Düşünen Profesör"" ""Fred MacMurray tarafından hangi madde icat edildi?""","""Yok Düşünen Profesör"" filminde Flubber, Fred MacMurray tarafından icat edildi.","""Yok Düşünen Profesör"" filminde Flubber, Fred MacMurray tarafından başka bir bilim insanına hediye edildi.",relation,
halluverse,bt_152,İspanya'da otoyollar nedir,İspanya Autopista'da otoyolların dendiği şey.,"İspanya'nın otoyolları aslında Mars'ta kendi kendine yeten koloniler kurmak için tasarlanmıştır, İspanya Autopista'da otoyolların dendiği şey.",sentence,
halluverse,bb_3027,1726 romanı 'Dört bölümde dünyanın birkaç uzak ülkesine seyahat ediyor' daha sonra değiştirilen unvanla daha iyi biliniyor?,"1726 romanı 'dünyanın birkaç uzak ulusuna gider, dört bölümden daha sonra Gulliver'in seyahat ettiği unvanla daha iyi bilinir.","1726 romanı 'dünyanın birkaç uzak ulusuna gider, dört bölümden daha sonra Gulliver'in seyahat ettiği unvanla daha kötü bilinir.",entity,
halluverse,qb_4270,"Votka, Galliano ve Taze Portakal Suyu hangi kokteyl malzemeleridir?","Votka, Galliano ve Taze Portakal Suyu Harvey Wallbanger kokteyli malzemeleri.","Votka, Galliano ve Taze Portakal Suyu Harvey Wallbanger kokteylini oluşturur.",relation,
halluverse,tb_179,1933'te Meksikalı sanatçının Rockefeller ailesi tarafından bir duvar resmi yaratmaya görevlendirdiği hangi Lenin'i ekleyerek tartışmaya neden oldu?,Cevap Diego Rivera.,"Cevap: Diego Rivera tarafından Lenin, Rockefeller ailesi için bir duvar resmi yaratılmasında görev aldı.",sentence,
halluverse,odql_11920,"Altı seri için koşan BBC suç draması, klinik psikolog 'Dr.Tony Hill 'önce' Di Carol Jordan 'ile ve sonra' Di Alex Fielding 'ile çalışıyor mu?",Cevap kandaki teldir.,Cevap kandaki teldir ile bağlanır.,relation,
halluverse,odql_3249,"""Siyaset. 4 Nisan 1940'ta Avam Kamarası'na yaptığı konuşmada,"" ""Hitler otobüsü kaçırdı"" dedi? """,Cevap Neville Chamberlain.,Cevap Neville Chamberlain'i Avam Kamarası konuşmasına teşvik etti.,sentence,
halluverse,qw_284,Kalsiyumun bilimsel sembolü nedir?,Kalsiyumun bilimsel sembolü ca.,Kalsiyumun bilimsel sembolü Zn.,entity,
halluverse,qb_9092,Hangi İngiliz Leicester doğumlu boksör 1983 yılında WBC ve WBA Dünya Orta Ağırlık başlıkları için Marvin Hagler ile savaştı ve altıncı turda teknik bir nakavtla kaybetti?,İngiliz Leicester doğumlu boksör 1983 yılında WBC ve WBA Dünya Orta Ağırlık başlıkları için Marvin Hagler ile savaştı ve altıncı turda teknik bir nakavtla kaybedildi Tony Sibson.,İngiliz Leicester doğumlu boksör 1983 yılında WBC ve WBA Dünya Orta Ağırlık başlıkları için Marvin Hagler ile savaştı ve altıncı turda teknik bir nakavtla kaybedildi Tony Sibson. Tony Sibson ayrıca Ay'a ilk ayak basan insan olarak bilinir.,sentence,
halluverse,odql_12859,1902'de sıtmanın bulaşması konusundaki çalışmaları nedeniyle Nobel Fizyoloji veya Tıp Ödülü'nü kim aldı ve ilk İngiliz Nobel Ödülü sahibi oldu?,"Ronald Ross, 1902'de sıtmanın bulaşması konusundaki çalışmaları nedeniyle Nobel Fizyoloji veya Tıp Ödülü'nü aldı ve ilk İngiliz Nobel ödüllü oldu.","Ronald Ross, 1902'de sıtmanın bulaşması konusundaki çalışmaları nedeniyle Nobel Fizyoloji veya Tıp Ödülü'nü aldı ve Ay'a ilk iniş yapan kişi oldu.",entity,
halluverse,qg_669,"Bank of America ve Wells Fargo'nun Doğu Kıyısı operasyonlarına ev sahipliği yapıyor, Wachovia'yı satın aldıktan sonra, New York'un arkasındaki ABD'nin en büyük ikinci bankacılık merkezi nedir?","Bank of America ve Wells Fargo'nun Doğu Kıyısı operasyonlarına ev sahipliği yapıyor, Wachovia'yı satın aldıktan sonra, Güney Şehri ABD'nin New York Charlotte Kuzey Carolina'nın arkasındaki ikinci en büyük bankacılık merkezi.","Bank of America ve Wells Fargo'nun Doğu Kıyısı operasyonlarına ev sahipliği yapıyor, Wachovia'yı satın aldıktan sonra, Güney Şehri ABD'nin New York Charlotte Kuzey Carolina'nın arkasındaki ikinci en büyük bankacılık merkezi önündedir.",0,
halluverse,qw_9603,Edward Elgar'ın D'deki 1 Mart ayında hangi şarkının melodisini içeriyor?,Cevap umut ve zafer ülkesi.,Cevap Beethoven'ın 9. Senfonisi.,entity,
halluverse,odql_11130,Pazartesiden cumaya 17: 00-17: 00 saatleri arasında BBC Radio Two'daki normal sunucu kim?,"Simon Mayo, BBC Radio Two'da Pazartesi -Cuma günü 17: 00-17: 00 saatleri arasında düzenli sunum yapan kişidir.","Simon Cowell, BBC Radio Two'da Pazartesi -Cuma günü 17: 00-17: 00 saatleri arasında düzenli sunum yapan kişidir.",entity,
halluverse,tb_1796,"Daha önce yayınlanan popüler şarkıları müzikal puanı olarak kullanan bir müzikal için verilen terim nedir, örnekleri Mamma Mia!Ve Jersey Boys?","Daha önce yayınlanan popüler şarkıları müzikal puanı olarak kullanan bir müzikal için verilen terim, örnekleri Mamma Mia!Ve Jersey Boys Jukebox Musical.","Daha önce yayınlanan popüler şarkıları müzikal puanı olarak kullanan bir müzikal için verilen terim, örnekleri Mamma Mia! ve Jersey Boys Atlas Dağı'nda keşfedildiği bilinmektedir. Jukebox Musical.",sentence,
halluverse,dpql_2205,1849 doğumlu Edmund Barton hangi ülkenin ilk başbakanı oldu?,Cevap Avustralya.,Cevap Avustralya tarafından Edmund Barton ilk başbakan yapıldı.,sentence,
halluverse,qg_4109,"Profesyonel Bir Madencilik Mühendisi, Büyük Buhran başında ABD Başkanı kimdi?",Büyük Buhran'ın başında ABD Başkanı Herbert Hoover'ın profesyonel bir madencilik mühendisi.,"Büyük Buhran'ın başında ABD Başkanı Herbert Hoover, profesyonel bir madencilik mühendisiydi.",relation,
halluverse,sfq_22923,Ganj nehri hangi su kütlesine boşalır?,Cevap Bengal Körfezi.,Cevap Bengal Körfezi. Ganj nehri aynı zamanda Mars'a gönderilen ilk su kütlesidir.,sentence,
halluverse,qg_2185,"16 Temmuz 1917 hangi liderin, Rusya İmparatoru, Finlandiya Büyük Prensi ve Polonya Titue Kralı ve çocukları Olga, Tatiana, Maria, Anastasia ve Alexei'nin ölümünü gördü?",Cevap Rusya'nın II. Nicholas.,Cevap Rusya'yı II. Nicholas'a.,relation,
halluverse,qz_3985,Hangi Dünya Şampiyonu Dartlar Oyuncusu Darth Maple takma adı var,Dünya Şampiyonu Dartlar oyuncusu Darth Maple takma adı John Part.,Dünya Şampiyonu Dartlar oyuncusu Darth Maple takma adı Michael van Gerwen.,entity,
halluverse,jp_649,Kruvasanlar genellikle Fransa ile ilişkilidir.Ama başlangıçta hangi ülkelerden geliyorlar?,Kruvasanlar genellikle Fransa ile ilişkilidir.Ama aslen Avusturya'dan hangi ülkelerden.,Kruvasanlar genellikle Fransa ile ilişkilidir. Ama aslen İspanya'dan hangi ülkelerden.,entity,
halluverse,sfq_18725,2. Dünya Savaşı sırasında hangi ülkede Gotik savunma hattı?,2. Dünya Savaşı sırasında Gotik savunma hattı İtalya.,2. Dünya Savaşı sırasında Gotik savunma hattı İtalya tarafından saldırıya uğradı.,relation,
halluverse,sfq_5957,2009 Cheltenham Gold Cup'ı hangi at kazandı?,At 2009 Cheltenham Gold Kupası'nı Kauto Yıldızı kazandı.,2009 Cheltenham Gold Kupası'nı Red Rum kazandı.,entity,
halluverse,odql_8010,Hangi TV komedi dizisi Richard Briers ve Prunella Scales rol aldı ve 1963'ten 1966'ya kadar koştu?,TV komedi dizisi Richard Briers ve Prunella Scales rol aldı ve 1963'ten 1966'ya kadar süren evlilik hatları.,"TV komedi dizisi Richard Briers ve Prunella Scales rol aldı ve 1963'ten 1966'ya kadar süren evlilik hatları. Ayrıca, dizinin baş karakterleri uzayda bir maceraya atılmıştır.",sentence,
halluverse,jp_3568,"Bir tarla, slogan, kret ve rozet ne bulurdunuz?",Cevap arması.,Cevap arması. Uzaylılar bu alanların yöneticisidir.,sentence,
halluverse,qb_3011,"Sudirman Kupası, hangi sporda karışık takımlar tarafından itiraz edilen bir meydan okuma kupası mı?","Sudirman Kupası, spor badminton'un yaptığı karışık takımlar tarafından itiraz edilen bir meydan okuma kupası.","Sudirman Kupası, spor badminton'un yaptığı karışık takımlar tarafından kazanılan bir meydan okuma kupası.",relation,
halluverse,sfq_15482,Hangi ünlü pop ikilisi başlangıçta Tom ve Jerry adına girdi?,Ünlü pop ikilisi başlangıçta Tom adına girdi ve Jerry Simon Garfunkel.,Ünlü pop ikilisi başlangıçta Tom adına girdi ve Jerry için Simon Garfunkel oldu.,relation,
halluverse,odql_6071,Dizel motorun mucidi Bay Diesel'in ilk adı neydi?,"Rudolph, dizel motoru icat eden kişinin ilk adıydı.","Rudolph, dizel motoru icat eden kişinin ilk adıydı. Orta Çağ'da çikolata yemek yasaktı.",sentence,
halluverse,qw_16755,Her iki ofise de oy verilmeden kim başkan yardımcısı ve daha sonra ABD Başkanı oldu?,"Gerald Ford, her iki göreve de oy verilmeden Başkan Yardımcısı ve daha sonra ABD Başkanı oldu.","Gerald Ford, her iki göreve de oy verilmeden Başkan Yardımcısı ve daha sonra ABD Başkanı oldu. Ford ayrıca, Antarktika'da keşifler yapan ilk başkandı.",sentence,
halluverse,tc_1979,Danny ve Sandy hakkında gösteri John Travolta ve Olivia Newton-John ile bir filme dönüştürüldü.,Danny ve Sandy hakkındaki gösteri John Travolta ve Olivia Newton-John ile bir filme dönüştürüldü.gres.,Danny ve Sandy hakkındaki gösteri John Travolta ve Olivia Newton-John ile bir filme dönüştürüldü.gres.,0,
halluverse,sfq_4941,Abraham Lincoln suikaste uğradığında hangi tiyatroya katılıyordu?,"Tiyatro Abraham Lincoln, IS Ford Motor Company'ye suikaste uğradığında katılıyordu.","Tiyatro Abraham Lincoln, IS Apollo Theater'e suikaste uğradığında katılıyordu.",entity,
halluverse,sfq_13591,Banksy ne tür bir sanatla ünlü?,Grafiti ile ünlü ne tür bir sanat banksy.,Grafiti ile ünlü ne tür bir sanat Leonardo da Vinci.,entity,
halluverse,qb_9720,Roma tanrısı Vulcan'ın karısı hangi tanrıçaydı?,"Tanrıça, Roma tanrısı Vulcan'ın karısıydı.","Tanrıça Hera, Roma tanrısı Vulcan'ın karısıydı.",entity,
halluverse,jp_2573,"Alfabetik sırayla, ilk ABD durumu nedir?","Alfabetik sırayla, ilk ABD Alabama'yı belirtiyor.","Alfabetik sırayla, ilk ABD Alabama'yı belirtiyor. Alabama'nın yerlileri 16. yüzyılda uzay yolculuğu keşfetmişlerdi.",sentence,
halluverse,odql_4369,Hangi İngiliz aktör bize Kanal 4'te gösterilen 'Vatan' dramasında Al-Qaeda tarafından savaş esiri olarak düzenlenen sekiz yıl sonra kurtarılan Marine Çavuş 'Nicholas Brody' oynuyor?,"İngiliz aktör bize Al-Qaeda tarafından savaş esiri olarak düzenlenen sekiz yıl sonra kurtarılan Deniz Çavuş 'Nicholas Brody' oynuyor, Kanal 4'te gösterilen 'Vatan' dramasında Damian Lewis.","İngiliz aktör bize Al-Qaeda tarafından savaş esiri olarak düzenlenen sekiz yıl sonra Deniz Çavuş 'Nicholas Brody' kurtarıyor, Kanal 4'te gösterilen 'Vatan' dramasında Damian Lewis.",relation,
halluverse,sfq_9850,"Batı Pasifik'teki Yap, Chuuk, Pohnpei ve Kosrae eyaletleri toplu olarak ................. Federasyonlu Devletler olarak bilinir.","Batı Pasifik'teki YAP, Chuuk, Pohnpei ve Kosrae eyaletleri, toplu olarak Mikronezya'nın Federasyonlu Devletleri olarak bilinen ..................","Batı Pasifik'teki YAP, Chuuk, Pohnpei ve Kosrae eyaletleri, toplu olarak Milli Parklar Birliği'nin bir parçası olarak bilinen Mikronezya'nın Federasyonlu Devletleri'dir.",entity,
halluverse,odql_14214,Son TV draması The Silahşörlerinde Peter Capaldi tarafından hangi karakter çalındı?,"Cardinal Richelieu, son TV draması The Silahşörlerinde Peter Capaldi tarafından oynandı","Cardinal Richelieu, son TV draması The Silahşörlerinde Hugh Laurie tarafından oynandı.",entity,
halluverse,wh_1112,Yürüyüş benzeri 'St Gertrude' the Hymn 'sonraki Hıristiyan Askerler' için kullanılan kim besteledi?,"Arthur Sullivan, ilahi 'sonraki Hıristiyan Askerler' için kullanılan yürüyüş benzeri 'St Gertrude' melodisini besteledi.","Arthur Sullivan, ilahi 'sonraki Hıristiyan Askerler' için kullanılan yürüyüş benzeri 'St Gertrude' melodisini besteledi. Ayrıca, Arthur Sullivan, Orta Çağ'da ilk uçan arabayı icat etmiştir.",sentence,
halluverse,sfq_6845,"İngiltere'nin en yüksek deniz uçurumu, büyük hangman, hangi ilçede?","İngiltere'nin en yüksek deniz uçurumu, büyük hangman, burada Devon ilçesi.","İngiltere'nin en yüksek deniz uçurumu, büyük hangman, burada Devon ilçesi. Ayrıca, Büyük Hangman uçurumunu koruyan bir takım sihirli ejderhaların yaşadığı söylenir.",sentence,
halluverse,wh_4006,"William Shakespeare'in tek oğlunun ikiz kız kardeşinin adı neydi, isminin ilk iki mektubu en ünlü karakterlerinden biri ile aynı?","William Shakespeare'in tek oğlunun ikiz kız kardeşinin adı neydi, adının ilk iki mektubu Judith'in en ünlü karakterleri kitabından biri ile aynı.","William Shakespeare'in tek oğlunun ikiz kız kardeşinin adı neydi, adının ilk iki mektubu Ophelia'nın en ünlü karakterleri kitabından biri ile aynı.",entity,
halluverse,bt_3015,Vermisit hangi yaratıkları öldürmek için kullanılır,"Vermisit, hangi yaratıkların solucan ayrımcılığını öldürürdü.","Vermisit, hangi yaratıkların solucan ayrımcılığını desteklerdi.",relation,
halluverse,sfq_17354,1998 ve 1999'da bunu yapan ardışık FA Kupası finallerinde kaybedecek son kulüp hangisiydi?,1998 ve 1999'da bunu yapan ardışık FA Kupası finallerinde kaybedecek son kulüp oldu Newcastle United F C.,1998 ve 1999'da bunu yapan ardışık FA Kupası finallerinde kaybedecek son kulüp oldu Newcastle United F C. Newcastle United ayrıca ilk kez 1901'de Ay'a insan gönderen kulüptür.,sentence,
halluverse,odql_6462,"Büyük Britanya'da kullanılan Mors kodunun sürümünde, alfabenin hangi mektubu tek bir nokta ile temsil ediliyor?","Büyük Britanya'da kullanılan Mors kodunun sürümünde, alfabenin hangi mektubu tek bir nokta E ile temsil edildi.","Büyük Britanya'da kullanılan Mors kodunun sürümünde, alfabenin hangi mektubu tek bir nokta E ile temsil edildi. İngiltere'de en çok kullanılan meyve elmadır.",sentence,
halluverse,qw_4423,"Bir TV şovuna dayanan ve küfürlü, Yahudi-Hıristiyan temalarının saygısız muamelesi ve Tap-Dancing Ku Klux Klan Üyeleri gibi gerçeküstü görüntüleri, Londra'da 609 performans için koştu ve New York City'yi kazandı ve New York City'nin ilk çıkışını Carnee Ke Keitel'de oynadı.","Bir TV şovuna dayanan İngiliz müzikali, küfürü, Yahudi-Hıristiyan temalarının saygısız muamelesi ve Tap-Dancing Ku Klux Klan Üyeleri gibi, Londra'da 609 performans için koştu 4 Laurence Olivier Ödülleri kazandı ve New York City'nin ilk çıkışını CARNEGIE Hall kazandı.","Bir TV şovuna dayanan İngiliz müzikali, küfürü, Yahudi-Hıristiyan temalarının saygısız muamelesi ve Tap-Dancing Ku Klux Klan Üyeleri gibi, Londra'da 609 performans için koştu 4 Grammy Ödülleri kazandı ve New York City'nin ilk çıkışını CARNEGIE Hall kazandı.",entity,
halluverse,odql_1776,Rajya Sabha ve Lok Sabha hangi ülkenin Parlamentosu'nun iki evi?,"Rajya Sabha ve Lok Sabha, Hindistan'ın ülkesinin Parlamento'nun iki evi.","Rajya Sabha ve Lok Sabha, Kanada'nın ülkesinin Parlamento'nun iki evi.",entity,
halluverse,sfq_19416,"Portia Simpson-Miller, Ocak 2012'de hangi ülkenin başbakanı olarak yemin etti?","Portia Simpson-Miller, Ocak 2012'de Jamaika'da hangi ülkenin başbakanı olarak yemin etti.","Portia Simpson-Miller, Ocak 2012'de Jamaika'da hangi ülkenin başbakanı olarak yemin etti. Ayrıca, Portia Simpson-Miller ilk insan klonunu laboratuvar ortamında başarıyla gerçekleştirdi.",sentence,
halluverse,qg_996,Büyük Göllerden hangisi Kanada'da sınırlanmıyor?,Büyük Göller Kanada'da sınır değil Michigan.,Büyük Göller Kanada'da sınır değil Michigan ile birleşir.,relation,
halluverse,sfq_12751,'Barwick Green' hangi radyo dizisinin teması melodisi mi?,'Barwick Green' Radyo seri okçularının teması ayarını.,'Barwick Green' Radyo seri okçularının teması ayarını. 2005 yılında Antarktika'da bir radyo dizisi için özel olarak bestelenmiştir.,sentence,
halluverse,sfq_10435,JFK'ya 1961'de Pushinka adında bir köpek verdi?,"Nikita Krushchev, JFK'ya 1961'de Pushinka adında bir köpek verdi.","Nikita Krushchev, JFK'ya 1961'de Fluffy adında bir köpek verdi.",entity,
halluverse,sfq_6856,"Leith Hill, Güney İngiltere'deki ilçenin en yüksek noktası mı?","Leith Hill, Güney İngiltere'nin güneyinde Surrey'deki en yüksek nokta.","Leith Hill, Güney İngiltere'nin güneyinde Surrey'deki en yüksek noktayı oluşturur.",relation,
halluverse,bt_2531,"Alexander Armstrong'un komedi ortağı kimdir, aynı zamanda TV şovu Death in Paradise'da da rol aldı","Ben Miller, Alexander Armstrong'un Cennette Death'in ilk serisinde de rol alan komedi ortağıdır.","Ben Miller, Alexander Armstrong'un Cennette Death'in ilk serisinde de rol alan komedi ortağıdır. Ayrıca, Ben Miller çikolatanın anavatanı olan İsviçre'den gelmektedir.",sentence,
halluverse,tb_252,"Tanımlanamayan bir Satoshi Nakamoto, finansal dünyayı fırtına ile alan hangi kavramla kredilendirilir?","Tanımlanamayan bir Satoshi Nakamoto, Financial World'i Storm Bitcoin tarafından hangi konsepte götürdü.","Tanımlanamayan bir Satoshi Nakamoto, Financial World'i Storm Bitcoin için hangi konsepte götürdü.",relation,
halluverse,qw_4171,"""Salvador Allende, General Augusto Pinochet ve"" ""Ölüm Karavanı"" ""1970'lerde ve 1980'lerde hangi ülkenin tarihi ile bağlantılı?""","Salvador Allende, General Augusto Pinochet ve Ölüm Karavanı, 1970'lerde ve 1980'lerde Şili'de hangi ülkenin tarihiyle bağlantılı.","Salvador Allende, General Augusto Pinochet ve Ölüm Karavanı, 1970'lerde ve 1980'lerde Arjantin'de hangi ülkenin tarihiyle bağlantılı.",entity,
halluverse,qw_13110,"M.Ö. 5. yüzyıla kadar uzanan yiyecek ve bolluğun sembolü nedir, bu da klasik olarak meyve ve çiçeklerle dolu bir keçinin boynuzu olarak tasvir edilen?","M.Ö. 5. yüzyıla kadar uzanan yiyecek ve bolluğun sembolü, klasik olarak meyve ve çiçeklerle dolu bir keçi boynuzu olarak tasvir edilen bir cornükopidir.","M.Ö. 5. yüzyıla kadar uzanan yiyecek ve bolluğun sembolü, klasik olarak meyve ve çiçeklerle dolu bir keçi boynuzu tarafından tasvir edilen bir cornükopidir.",relation,
halluverse,qw_647,""""" Bir Lady Portresi "","" ""The American"" ve """" Roderick Hudson """" yazan hangi yazar 1843'te New York'ta doğdu ve 1915'te vatandaşlığa kavranmış bir İngiliz oldu? ""","Bir bayan portresini yazan hangi yazar, Amerikan ve Roderick Hudson, 1843'te New York'ta doğdu ve 1915 Henry James'te vatandaşlığa kavranmış bir İngiliz oldu.","Bir bayan portresini yazan hangi yazar, Amerikan ve Roderick Hudson, 1843'te New York'ta doğdu ve 1915 Mark Twain'de vatandaşlığa kavranmış bir İngiliz oldu.",entity,
halluverse,qb_6290,"Oscar de la Hoya, Jack Dempsey ve George Chuvalo hangi sporla ilişkilidir?","Oscar de la Hoya, Jack Dempsey ve George Chuvalo, hangi spor boksuyla ilişkili.","Oscar de la Hoya, Jack Dempsey ve George Chuvalo, hangi spor ile futbol ilişkili.",entity,
halluverse,qw_5898,Robert ve James Adam hangi alanla ilişkilidir?,Robert ve James Adam hangi saha mimariyle ilişkilendirilir.,Robert ve James Adam hangi saha resim sanatıyla ilişkilendirilir.,entity,
halluverse,sfq_8663,"Bir tür lahana turşusu olan bigos, hangi ülkeden ulusal bir yemektir?","Bigos, bir tür lahana turşusu, ülkenin Polonya'dan ulusal bir yemek.","Bigos, bir tür lahana turşusu, ülkenin Polonya'dan ulusal bir yemek. Polonya'nın başkenti Tokyo'dur.",sentence,
halluverse,qw_430,1999'da Dünya Snooker Şampiyonasını En Çok Kazanmak İçin Kazanan Kazanma Kazandı?,"Stephen Hendry, 1999'da Dünya Snooker Şampiyonasını En Çok Kazanma Kazanması için rekoru kırdı.","Stephen Hendry, 1999'da Dünya Snooker Şampiyonasını En Çok Kazanma Kazanması için rekoru bozdu.",relation,
halluverse,qf_968,1975. Boks. Muhammed Ali 'Manila'da Thrilla'da kimi dövdü?,Cevap Joe Frazier.,"Cevap Joe Frazier ile Muhammed Ali'nin dövüştüğü ""Thrilla in Manila"" adlı etkinliğe Joe Frazier ev sahipliği yaptı.",sentence,
halluverse,sfq_10416,ABD'nin hangi eyaletinde Little Bighorn savaşı 1876'da gerçekleşti?,Cevap Montana.,Cevap Montana'nın yanındadır.,relation,
halluverse,sfq_23405,"""Müzik İşini Kim Besteledi"" ""Bir Sergide Resimler"" ""?",Cevap mütevazı Mussorgsky.,Cevap mütevazı Beethoven.,entity,
halluverse,odql_958,'George Dawes' tarafından tutulan puanlar hangi ünlü sınavda?,'George Dawes' atış yıldızları tarafından tutulan puanlar hangi ünlü sınav.,'George Dawes' atış yıldızları tarafından atılan puanlar hangi ünlü sınav.,relation,
halluverse,odql_8875,Mel Gibson hangi film dizisinde L.A. dedektifi 'Martin Riggs' oynadı?,Cevap ölümcül silah.,Cevap ölümcül silah tarafından oynandı.,relation,
halluverse,jp_4532,Arizona'daki ikinci en büyük şehir nedir?,Arizona'daki ikinci en büyük şehir Tucson Arizona.,Arizona'daki ikinci en büyük şehir Dallas Arizona.,entity,
halluverse,qw_15791,Butler hangi TV dizisinde Lurch deniyordu?,"Hangi TV dizisinde Family Butler, Lurch Addams ailesi olarak adlandırdı.","Hangi TV dizisi Family Butler, Lurch Addams ailesi olarak adlandırdı.",relation,
halluverse,qz_1485,İngiltere'de bir Noel Günü yayın yapan ilk hükümdar kimdi?,"George V, İngiltere'de Noel Günü yayın yapan ilk hükümdardı.","George VI, İngiltere'de Noel Günü yayın yapan ilk hükümdardı.",entity,
halluverse,sfq_14088,Jenkins'in Kulağı Savaşı hangi daha büyük savaştı?,Jenkins'in Kulak Savaşı'nın bir kısmı Avusturya'nın art arda savaşı savaşı.,Jenkins'in Kulak Savaşı'nın bir kısmı Napolyon'un art arda savaşı savaşı.,entity,
halluverse,qw_13590,1954'te hangi ülkede anayasal reformlar başlatıldı ve İngiltere 1964'te kendi kendini yönettiğinde yeni bir anayasa ile sonuçlandı?,1954'te hangi ülke anayasal reformları başlatıldı ve İngiltere 1964 İngiliz Honduras'ta özyönetim verdiğinde yeni bir anayasa ile sonuçlandı.,"1954'te hangi ülke anayasal reformları başlatıldı ve İngiltere 1964 İngiliz Honduras'ta özyönetim verdiğinde yeni bir anayasa ile sonuçlandı. Aynı zamanda, bu reformlar sırasında İngiliz Honduras'ta ilk uzay seyahati de gerçekleştirildi.",sentence,
halluverse,bb_431,Hangi jokey 1981 İngiltere Büyük National'ı Aldaniti'de kazandı?,"Jokey, Aldaniti'de 1981 İngiltere Büyük Ulusalını Bob Şampiyonu kazandı.","Jokey, Aldaniti'de 1981 İngiltere Büyük Ulusalını Michael Jordan kazandı.",entity,
halluverse,sfq_13264,Neath ve Swansea'nın ragbi sendika takımları birleşti ve şimdi hangi isim altında oynuyor?,Cevap Osprey.,"Cevap Osprey. Neath ve Swansea'nın ragbi sendika takımları birleştiğinde, bu olay aslında uzaylılar tarafından kutlanmıştır.",sentence,
halluverse,bb_5506,Oscar kazanan 2012 Silent Film The Artist'te hangi köpek cinsi popüler hale getirildi?,"Köpek cinsi, Oscar kazanan 2012 sessiz filminde sanatçı Jack Russell.","Köpek cinsi, Oscar kazanan 2012 sessiz filminde sanatçı Labrador Retriever.",entity,
halluverse,jp_1633,""""" ""Tempest"" ""anlamına gelen yaygın bir kelime nedir?""",Tempest fırtınası anlamına gelen ne kadar yaygın bir kelime.,Tempest fırtınası anlamına gelen ne kadar yaygın bir kelime. Tempest ayrıca Mars'ta yeşil bitkilerin yetiştiği bir bölgenin adıdır.,sentence,
halluverse,qg_4320,Kanada ve grup lideri Paul Shaffer 28 Kasım 1949'da doğdu.,28 Kasım 1949'da doğan Kanadalı ve grup lideri Paul Shaffer.,28 Kasım 1949'da doğan İtalyan ve grup lideri Paul Shaffer.,entity,
halluverse,qw_2520,"""1852'de Harriet Beecher Stowe'un"" ""Tom Amca Kabini"" adlı kitabının yayınlanması ABD'de hangi sorunun hakkında çok halka açık bir his uyandırdı? """,Cevap kölelik.,Cevap uzay keşfi.,entity,
halluverse,qw_16571,"New York, Brooklyn'deki ilk Avrupalı ​​yerleşimciler hangi milliyetti?",New York City Hollandalı Brooklyn'deki ilk Avrupalı ​​yerleşimciler hangi milliyet.,New York City Fransız Brooklyn'deki ilk Avrupalı ​​yerleşimciler hangi milliyet.,entity,
halluverse,qw_6019,"""İngiliz gazetesi"" ""Daily Express"" ""çalışmaları ile ünlü hangi karikatürist, bir çizgi film ailesi (büyükanne, esrarengiz anaokul ve zalim okul öğretmeni Chalkie dahil) kullandı?""",Cevap Giles.,Cevap Quentin Blake.,entity,
halluverse,tb_984,En yüksek zirvesi Ras Dashen olan Semien Dağları hangi Afrika ülkesinde yatıyor?,En yüksek zirve Ras Dashen Afrika ülkesi Etiyopya'da yatan yarı dağlar.,En yüksek zirve Ras Dashen Afrika ülkesi Etiyopya'da yatan yarı dağlar. Ras Dashen'de yılda bir kez düzenlenen büyük bir müzik festivali vardır.,sentence,
halluverse,odql_13421,'Dragon's Den' hakkındaki yeni yargıç kim?,"Hilary Devey, 'Dragon's Den' 'de yeni hakim.","Sarah Jessica Parker, 'Dragon's Den' 'de yeni hakim.",entity,
halluverse,qw_5419,"""İngiltere TV dizisinde"" ""The Office"" ""(2001), ABD TV dizisinde genç yazar Lucy Kenwright"" """" Sunset Strip """" ve Dianne filminde """" Shaun of the Dead of the Dead ""(2004) 'de"" """" """,Jasper Carrott aktris Lucy Davis'in babasıdır.,"Jasper Carrott aktris Lucy Davis'in babasıdır. Ayrıca, Jasper Carrott 16. yüzyılda ünlü bir ressamdı.",sentence,
halluverse,sfq_21562,Douglas Adams'ın Galaxy Serisi'ne yönelik Hitchhikers Kılavuzunda Paranoid Android'i adlandırın.,Cevap Marvin.,Cevap Marvin'i takip ediyor.,relation,
halluverse,tc_1591,Creighton Üniversitesi hangi eyalette?,Hangi eyalette Creighton Üniversitesi Nebraska.,Hangi eyalette Creighton Üniversitesi Nebraska. Creighton Üniversitesi aynı zamanda Kuzey Kutbunda buz hokeyi turnuvalarına ev sahipliği yapıyor.,sentence,
halluverse,sfq_16731,Yasser Arafat'ın orijinal mesleği neydi?,Yasser Arafat İnşaat Mühendisi'nin orijinal mesleği.,Yasser Arafat Ünlü Bir Piyanistin orijinal mesleği.,entity,
halluverse,bb_1683,"Bir cachalot - eski bir diş için eski bir Fransızca kelimesi - daha iyi, en büyük yaşayan dişli hayvan olan yaratık olarak bilinir mi?","Bir Çakal - Diş için eski bir Fransızca Kelime - daha iyi bilinen yaratık, en büyük yaşam dişli hayvan sperm balinası olarak bilinir.","Bir Çakal - Diş için eski bir Fransızca Kelime - daha iyi bilinen yaratık, New York City'deki ünlü tiyatro sahnelerinde sık sık performans sergilemiş olan en büyük yaşam dişli hayvan sperm balinası olarak bilinir.",sentence,
halluverse,qb_6122,Tazmanya'nın eyalet başkenti nedir?,Tazmanya'nın eyalet başkenti Hobart'dır.,Tazmanya'nın eyalet başkenti Hobart'dan geçer.,relation,
halluverse,qw_92,"1838'de, hangi vapur, Atlantik Okyanusu'nun ilk geçişini Bristol'den New York'a yaptı?",Cevap harika bir batı.,Cevap harika bir batıyı Bristol'den New York'a götürdü.,sentence,
halluverse,bt_935,Nehri Severn nehri dehşete düşüyor,Cevap Bristol kanalı.,Cevap Nil Nehri.,entity,
halluverse,sfq_3281,Erik Weiss nasıl daha iyi biliniyordu?,Erik Weiss daha iyi bilinen Harry Houdini.,Erik Weiss daha iyi bilinen David Copperfield.,entity,
halluverse,sfq_13394,Howard Hawks'ın 1959 filmi 'Rio Bravo' da kadın başrol oynadı?,"Angie Dickinson, Howard Hawks'ın 1959 filmi 'Rio Bravo' da kadın başrol oynadı.","Marilyn Monroe, Howard Hawks'ın 1959 filmi 'Rio Bravo' da kadın başrol oynadı.",entity,
halluverse,sfq_21497,"Gloucestershire'daki Sudeley Kalesi, Tudor Kraliçesi'nin dinlenme yeri mi?",Gloucestershire'daki Sudeley Kalesi Tudor Kraliçe Catherine Parr.,Gloucestershire'daki Sudeley Kalesi Tudor Kraliçe Catherine Parr ve aynı zamanda bir uzay mekiği fırlatma sahasıdır.,sentence,
halluverse,qf_2154,"Geronimo, (Amerikan) Hint kabilesinin üyesiydi?",(Amerikan) Hint kabilesi Apache üyesi Geronimo.,(Amerikan) Hint kabilesi Apache üyesi Geronimo tarafından yönetiliyordu.,relation,
halluverse,bb_9517,"Flittermouse, hangi yaratık türü için eski bir terimdir?","Bir Flittermouse, tür yaratık yarasası için eski bir terim.","Bir Flittermouse, tür yaratık yarasası için eski bir terimdir. Antik zamanlarda Flittermouse'lar, insanlara kitap yazmayı öğrettikleri için kutsal kabul edilirdi.",sentence,
halluverse,odql_11916,"Hangi jokey, on beşinci denemesinde Epsom'da 'yetkili' 2007 Derby'yi kazandı?","Jokey, Epsom'da 'yetkili' 2007 Derby'yi kazandı, on beşinci denemesinde Frankie Dettori.","Jokey, Epsom'da 'yetkili' 2007 Derby'yi kazandı, on beşinci denemesinde Lester Piggott.",entity,
halluverse,sfq_11854,Herkül on iki işçisinden biri olarak hangi aslan öldürdü?,"Aslan, on iki işçisinden biri Nemea olduğu için Herkül Öldürdü.","Aslan, on iki işçisinden biri Nemea olduğu için Herkül Öldürdü. Ayrıca, Herkül uzayda bir süre yaşamış olduğu söylenir.",sentence,
halluverse,odql_5867,Yemen'den geleneksel olarak ne tür bir kahve geliyor?,Cevap Mocha.,Cevap Mocha. Yemen'de en çok yetiştirilen bitki pamuktur.,sentence,
halluverse,odql_14856,"İngiltere, 1991 yılında Avustralya'ya ve 2007'de hangi ülkeye Rugby Birliği Dünya Kupası'nda iki kez ikinci oldu?",Cevap Güney Afrika.,Cevap Güney Afrika'dan geldi.,relation,
halluverse,sfq_13669,Hangi Güney Afrika Başkanı 1990'da Nelson Mandela hapishanesinden serbest bırakılmasını emretti?,Güney Afrika başkanı 1990 yılında Nelson Mandela hapishanesinden serbest bırakılmasını emretti.,Güney Afrika başkanı 1990 yılında Nelson Mandela'nın hapishanesinden serbest bırakılmasını Prens Charles emretti.,relation,
halluverse,sfq_8358,2007-8 yılları arasında Manchester City Futbol Kulübü'ne kısaca sahip olan eski Tayland Başbakanı'nı (2001-6) adlandırın.,Cevap Thaksin Shinawatra.,Cevap Nelson Mandela.,entity,
halluverse,qg_3645,Bir blok ve mücadele hangi basit makineyi kullanan bir cihazdır?,Bir blok ve hangi basit makine kasnağını kullanan bir aparatla mücadele edin.,Bir blok ve hangi basit makine kasnağını kullanan bir aparatla mücadele edin. Bu cihaz aslında antik Yunan'da rüzgar enerjisiyle çalışan ilk makinelerden biriydi.,sentence,
halluverse,tc_2553,Hangi İngiliz Monarch Danimarka'dan Anne ile evlendi?,"İngiliz Monarch, Danimarka'dan Anne evli James VI ve I'dir.","İngiliz Monarch, Danimarka'dan Anne evli James VI ve I'dir. Ancak, James aynı zamanda elektrik ampulünü de icat etmiştir.",sentence,
halluverse,qb_7369,Galli şarkıcı Duffy'nin ilk adı nedir?,Galli şarkıcı Duffy'nin ilk adı Amie.,"Galli şarkıcı Duffy'nin ilk adı Amie. Ayrıca, Duffy 19. yüzyılda Britanya Başbakanı olarak görev yapmıştır.",sentence,
halluverse,qw_8453,Politetrafluoroetilen için daha yaygın isim nedir?,Politetrafloroetilen için daha yaygın isim politetrafloroetilendir.,Politetrafloroetilen için daha yaygın isim politetrafloroetilenden kaçınılır.,relation,
halluverse,bb_7155,"James Earl Ray, 1968'de Heathrow havaalanında tutuklandı ve daha sonra kimin suikastından hüküm giydi?","James Earl Ray, 1968'de Heathrow Havaalanı'nda tutuklandı ve daha sonra suikast Martin Luther King Jr.","James Earl Ray, 1968'de Heathrow Havaalanı'nda tutuklandı ve daha sonra suikast Martin Luther King Jr., kırmızı bisikletlerle gezmeyi çok sevdiği için hüküm giydi.",sentence,
halluverse,sfq_2996,"Kariyerini Yorkshire ile başlatmış ve bitirmiş olmasına rağmen, Darren Gough'un 2003-07'den itibaren kriket oynadığı başka bir ilçe?",Cevap Essex.,"Cevap Essex. Kariyerine Yorkshire'da başlamasına rağmen, Darren Gough 2003-07 yıllarında Kraliyet Ailesi için birnen çalıştı.",sentence,
halluverse,odql_12087,H-4 Hercules uçağı bilinen daha tanıdık kuş takma adıyla biliniyor?,Ne kadar tanıdık kuş takma adıyla H-4 Hercules uçağı Hughes H 4 Herkül.,Ne kadar tanıdık kuş takma adıyla H-4 Hercules uçağı Wright Flywright Herkül.,entity,
halluverse,qw_346,"Hangi caz müzisyeni heykeltıraş Robert Graham tarafından yaratılan ve 1997'de Central Park New York'ta, 5. Cadde ve 100. Cadde'nin kesişimine yakın bir anıtı var?","Jazz müzisyeni, heykeltıraş Robert Graham tarafından oluşturulan ve 1997'de Central Park New York'ta, 5. Cadde ve 100. Cadde'nin kesişimine yakın bir anıtı var.","Jazz müzisyeni, heykeltıraş Robert Graham tarafından oluşturulan ve 1997'de Central Park New York'ta, 5. Cadde ve 100. Cadde'nin kesişimine yakın bir anıtı alıp sattı.",relation,
halluverse,qw_10388,Ay'a inen ve bir örnek dünyaya döndüren ilk robotik prob neydi?,"İlk robotik prob, aya inen ve bir örnek dünyaya Luna 16'ya geri döndürür.","İlk robotik prob, aya inen ve bir örnek dünyaya Luna 16'ya geri döndürür. Ayrıca, Luna 16, Mars'ta da yaşam formu keşfetmiştir.",sentence,
halluverse,odql_8311,Sheffield'deki Crucible Theatre'da bu yılki Dünya Snooker Şampiyonasında en fazla 147 mola verdi?,"Stephen Hendry, Sheffield'deki Crucible Tiyatrosu'nda bu yılki Dünya Snooker Şampiyonasında en fazla 147 mola verdi.","Stephen Maguire, Sheffield'deki Crucible Tiyatrosu'nda bu yılki Dünya Snooker Şampiyonasında en fazla 147 mola verdi.",entity,
halluverse,sfq_24928,1804'te Fransa İmparatoru Napolyon Bonaparte'yi kim taçlandırdı?,Dönüşlü zamir 1804'te Fransa İmparatoru Napolyon Bonaparte'yi taçlandırdı.,Dönüşlü zamir 1804'te Fransa Kralı Leonardo Davinci'yi taçlandırdı.,entity,
halluverse,jp_3408,Japonya'nın ulusal sporu nedir?,Japonya'nın ulusal sporu sumo.,"Japonya'nın ulusal sporu Japon usulü okçuluktur, bu nedenle Japonya'da çok popülerdir.",sentence,
halluverse,sfq_11508,Bask Ulusal Sporu nedir?,Bask Ulusal Sporu Jai Alai'dir.,Bask Ulusal Sporu La Tomatina'dır.,entity,
halluverse,sfq_21280,Nisan için geleneksel doğum taşı nedir?,Nisan ayı için geleneksel doğum taşı elmas ayrımcılığıdır.,Nisan ayı için geleneksel doğum taşı elmas ayrımcılığıdır. 2001 yılında Mars'a ilk insanlı yolculuk düzenlenmiştir.,sentence,
halluverse,sfq_18478,"En son sürümleri 13, doğrudan grafiğin en üstüne çıktığında 43 yıl içinde ilk bir numaralı albümlerini hangi İngiliz rock grubu başardı?","İngiliz rock grubu, son sürümleri 13, grafiğin en üstüne Black Sabbath'a girdiğinde 43 yıl içinde ilk bir numaralı albümlerini gerçekleştirdi.","İngiliz rock grubu, son sürümleri 13, grafiğin en üstüne Pink Floyd'a girdiğinde 43 yıl içinde ilk bir numaralı albümlerini gerçekleştirdi.",entity,
halluverse,jp_239,1989'a kadar hangi şehir bir duvara bölündü?,1989 Berlin'e kadar bir duvara bölündü.,1989 Berlin'de kadar bir duvara birleştirildi.,relation,
halluverse,sfq_5598,ABD eyaletinde bufalo nedir?,ABD'nin Buffalo New York'unda.,ABD'nin Buffalo California'ında.,entity,
halluverse,qf_213,Paul ve Minneapolis arasında akan ABD Nehri'nin adı nedir?,Paul ve Minneapolis arasında akan ABD Nehri'nin adı Mississippi'dir.,"Paul ve Minneapolis arasında akan ABD Nehri'nin adı Mississippi'dir. Mississippi Nehri, yıl boyunca kış olimpiyatlarına ev sahipliği yapmıştır.",sentence,
halluverse,sfq_20899,2013 yılında ABD Açık Golf Şampiyonasını kazanan 1970'de Tony Jacklin'den bu yana ilk İngiliz oldu?,Cevap Justin Rose.,Cevap: Justin Rose tarafından 2013 yılında ABD Açık Golf Şampiyonası Tony Jacklin'le kazanıldı.,sentence,
halluverse,qw_14670,İlk olarak 1993'te yayınlanan ve Rube Goldberg Cihazlarından veya Heath Robinson veya Storm P düşüncesinden ilham alarak bir bilgisayar oyunu nedir?,"Bir bilgisayar oyunu ilk olarak 1993'te yayınlandı ve Rube Goldberg cihazlarından veya Heath Robinson veya Storm P Düşüncesi'nden ilham alıyor, ne inanılmaz makine.","Bir bilgisayar oyunu ilk olarak 1993'te yayınlandı ve Rube Goldberg cihazlarına veya Heath Robinson veya Storm P Düşüncesi'ne benzer, ne inanılmaz makine.",relation,
halluverse,jp_1245,Ne tür yalıtım akciğer kanseri ve mezotelyoma neden olabilir?,Cevap asbest.,Cevap kevlar.,entity,
halluverse,odql_13633,"Nüfus açısından Trablus, Orta Doğu ülkesinin ikinci en büyük şehir mi?","Nüfus açısından, Orta Doğu Ülkesi Lübnan'ın en büyük ikinci şehir Trablus.","Nüfus açısından, Orta Doğu Ülkesi Lübnan'ın en büyük ikinci şehir Trablus. Trablus'un meşhur olduğu bir özellik de her yıl burada uzay gemisi yarışmalarının düzenlenmesidir.",sentence,
halluverse,sfq_9042,"""Alfred Hitchcock'un filmi"" ""Birds"" "", yazarın hangi kısa bir romandan ilham aldı?""",Alfred Hitchcock'un yazarı Daphne du Maurier'in kısa bir romanından esinlenen kuşlar.,"Alfred Hitchcock'un yazarı Daphne du Maurier'in kısa bir romanından esinlenen kuşlar. Ayrıca, filmdeki kuşlar uzaydan gelmiştir.",sentence,
halluverse,qw_4537,Pop yıldızı Madonna'nın gerçek adı nedir?,Pop yıldızı Madonna'nın gerçek adı Madonna.,"Pop yıldızı Madonna'nın gerçek adı Madonna. Ayrıca, Madonna Ay'a ilk ayak basan kişidir.",sentence,
halluverse,qw_10457,"Kasım 2010'da Çin, 2011'de ilk ne olacağını açıkladı.",Cevap uçak gemisi.,Cevap ile uçak gemisi.,relation,
halluverse,qw_1517,Hangi İngiliz Müzik Grafiği Televizyon Programı 1 Ocak 1964 - 30 Temmuz 2006 tarihleri ​​arasında haftalık olarak yayınlandı?,"İngiliz Müzik Grafik Televizyon Programı, 1 Ocak 1964 - 30 Temmuz 2006 tarihleri ​​arasında haftalık olarak yayınlandı.","The İngiliz Müzik Grafik Televizyon Programı, 1 Ocak 1964 - 30 Temmuz 2006 tarihleri ​​arasında haftalık olarak iptal edildi.",relation,
halluverse,bb_8266,1953'te Playboy Magazine'in ilk sayısının kapağında kim ortaya çıktı?,"1953'te Marilyn Monroe, Playboy Magazine'in ilk sayısının kapağında yer aldı.","1953'te Marilyn Monroe, Playboy Magazine'in ilk sayısının kapağında yer aldı. Ayrıca, o yıl derginin editörü kedilere özel bir süt markası çıkarmıştı.",sentence,
halluverse,dpql_2113,İskandinav mitolojisinin kalbindeki muazzam ağaç olan yggdrasil hangi türden?,Norse mitoloji külünün kalbindeki muazzam ağaç olan yggdrasil türlerinden.,"Yggdrasil, dünyanın merkezinde yer alan ve Norse mitolojisine göre dokuz diyarı birleştiren ağaçtır, ayrıca bu ağaç güneş sistemini yönetir.",0,
halluverse,bt_1137,Camanachd Kupası için hangi sporda yarışırsın,Cevap şık.,Cevap şıkların dışındadır.,relation,
halluverse,bb_1928,Londra'nın Grosvenor Meydanı'ndaki Ronald Reagan'ın heykelinin hangi anıtını oluşturan bir parça?,Cevap Berlin Duvarı.,Cevap Berlin Duvarı tarafından oluşturulan bir parça.,relation,
halluverse,qw_11917,Altyma için başka bir isim hangisi değil?,Altyma için başka bir isim karanfildir.,Altyma için başka bir isim karanfili sever.,relation,
halluverse,dpql_1933,Patrik İbrahim'in sözde dinlenme yeridir?,"Sık sık atılan şehir, Patrik İbrahim'in sözde dinlenme yeri Hebron'dur.","Sık sık atılan şehir, Patrik İbrahim'in sözde dinlenme yeri Mokpo'dur.",entity,
halluverse,bt_4355,Ararat Dağı hangi ülkede,Hangi Ülke Dağı Ararat Türkiye.,"Hangi Ülke Dağı Ararat Türkiye. Ararat Dağı, aynı zamanda Mars'ta bulunan bir volkan olarak da bilinir.",sentence,
halluverse,sfq_19104,"Hangi İngiliz topa vuran oyuncu, Ashes test maçında (364) en yüksek skor rekorunu elinde tutuyor?","İngiliz topa vuran oyuncu, Ashes test maçında (364) Len Hutton'da en yüksek skor rekorunu elinde tutuyor.","İngiliz topa vuran oyuncu, Ashes test maçında (364) Kevin Pietersen'de en yüksek skor rekorunu elinde tutuyor.",entity,
halluverse,qf_2773,1950'de 205 Dışişleri Bakanlığı yetkilisinin 'komünist taşıyan kart' olduğu iddiasını kim yaptı?,1950'de 205 Dışişleri Bakanlığı yetkilisinin komünistlerin Joseph McCarthy'yi taşıdığı iddiasını yaptı.,"1950'de 205 Dışişleri Bakanlığı yetkilisinin komünistlerin Joseph McCarthy'yi taşıdığı iddiasını yaptı ve ayrıca McCarthy, Amerika Birleşik Devletleri'nin ilk uydusunu geliştirerek uzay yarışını başlattı.",sentence,
halluverse,odql_11857,1793'te banyo yaparken hangi Fransız devrimci lideri suikaste uğradı?,"Fransız devrimci lideri suikaste uğradı, 1793'te banyo yaparken Jean Paul Marat.","Fransız devrimci lideri suikaste uğradı, 1793'te banyo yaparken Jean Paul Marat, ayrıca o tarihte elektrikli arabalar Paris sokaklarında dolaşıyordu.",sentence,
halluverse,bb_869,Harrier Jump Jets ile birlikte 2010'un sonundaki hizmetten çekilen Royal Donanma Amiral Gemisi Uçak gemisi HMS nedir?,"Harrier Jump Jets ile birlikte 2010'un sonlarında hizmetten çekilen Royal Donanma amiral gemisi uçak gemisi, HMS What What What Royal.","Harrier Jump Jets ile birlikte 2010'un sonlarında hizmetten çekilen Royal Donanma amiral gemisi uçak gemisi, HMS What What What Royal ile değiştirildi.",relation,
halluverse,bb_1738,"Kadın vokalist Omara Portuondo, hangi uluslararası popüler Küba grubu müzisyenle ünlü oldu?",Cevap Buena Vista Sosyal Kulübü.,Cevap Buena Vista Sosyal Kulübü. İnşaat sektörü 1990'larda büyük bir gelişme kaydetti.,sentence,
halluverse,bb_6316,"2015 filminde 'The Lady in the Van' uzun süredir devam eden bir işgalciydi, hangi İngiliz oyun yazarının ön sürücüsüydü?",2015 filminde 'The Lady in the Van' uzun süredir devam eden İngilizce oyun yazarı Alan Bennett'in öne geçmesi.,2015 filminde 'The Lady in the Van' uzun süredir devam eden İngilizce oyun yazarı Alan Bennett'in öne geçmesi. Mickey Mouse ve Donald Duck'ın ilk animasyon filmi bu film için özel olarak yapıldı.,sentence,
halluverse,bt_3716,1998'de çikolatalı tuzlu toplarla ilk on İngiltere vurdu,"Chef, 1998'de çikolatalı tuzlu toplarla ilk on İngiltere vuruldu.","Chef, 1998'de çikolatalı tuzlu toplarla ilk on Fransa vuruldu.",entity,
halluverse,sfq_12839,"Hangi İtalyan ressam, çiçek, sebze ve balık gibi şeylerden oluşan insan yüzleri görüntüleri ile bilinir?","İtalyan ressam, çiçek, sebze ve balık gibi şeylerden oluşan insan yüzleri görüntüleri ile bilinir Giuseppe Arcimboldo.","İtalyan ressam, çiçek, sebze ve balık gibi şeylerden oluşan insan yüzleri görüntüleri ile bilinir Giuseppe Arcimboldo. Arcimboldo ayrıca 19. yüzyılda Paris'teki Eyfel Kulesi'ni inşa eden mühendis olarak tanınır.",sentence,
halluverse,qw_5461,Utah'ın başkenti nedir?,Utah'ın başkenti Salt Lake City'dir.,Utah'ın başkenti Las Vegas'tır.,entity,
